{
    "moocsEducationArrays": {
        "educationLevelDepartmentsAllTheTime": [{
                "name": "Associate",
                "registrations": 253,
                "value": "2.77%",
                "department_code": "CCB"
            },
            {
                "name": "Elementary",
                "registrations": 7,
                "value": "0.08%",
                "department_code": "CCB"
            },
            {
                "name": "High School",
                "registrations": 739,
                "value": "8.08%",
                "department_code": "CCB"
            },
            {
                "name": "Bachelor",
                "registrations": 2596,
                "value": "28.39%",
                "department_code": "CCB"
            },
            {
                "name": "Master",
                "registrations": 3036,
                "value": "33.20%",
                "department_code": "CCB"
            },
            {
                "name": "Doctorate",
                "registrations": 361,
                "value": "3.95%",
                "department_code": "CCB"
            },
            {
                "name": "Other",
                "registrations": 82,
                "value": "0.90%",
                "department_code": "CCB"
            },
            {
                "name": "None",
                "registrations": 14,
                "value": "0.15%",
                "department_code": "CCB"
            },
            {
                "name": "Not Available",
                "registrations": 2057,
                "value": "22.49%",
                "department_code": "CCB"
            },
            {
                "name": "Associate",
                "registrations": 728,
                "value": "5.22%",
                "department_code": "CID"
            },
            {
                "name": "Elementary",
                "registrations": 11,
                "value": "0.08%",
                "department_code": "CID"
            },
            {
                "name": "High School",
                "registrations": 864,
                "value": "6.20%",
                "department_code": "CID"
            },
            {
                "name": "Bachelor",
                "registrations": 5855,
                "value": "42.01%",
                "department_code": "CID"
            },
            {
                "name": "Master",
                "registrations": 4714,
                "value": "33.83%",
                "department_code": "CID"
            },
            {
                "name": "Doctorate",
                "registrations": 292,
                "value": "2.10%",
                "department_code": "CID"
            },
            {
                "name": "Other",
                "registrations": 401,
                "value": "2.88%",
                "department_code": "CID"
            },
            {
                "name": "None",
                "registrations": 17,
                "value": "0.12%",
                "department_code": "CID"
            },
            {
                "name": "Not Available",
                "registrations": 1054,
                "value": "7.56%",
                "department_code": "CID"
            },
            {
                "name": "Associate",
                "registrations": 1027,
                "value": "3.18%",
                "department_code": "CSC"
            },
            {
                "name": "Elementary",
                "registrations": 30,
                "value": "0.09%",
                "department_code": "CSC"
            },
            {
                "name": "High School",
                "registrations": 2420,
                "value": "7.48%",
                "department_code": "CSC"
            },
            {
                "name": "Bachelor",
                "registrations": 12017,
                "value": "37.16%",
                "department_code": "CSC"
            },
            {
                "name": "Master",
                "registrations": 8378,
                "value": "25.91%",
                "department_code": "CSC"
            },
            {
                "name": "Doctorate",
                "registrations": 687,
                "value": "2.12%",
                "department_code": "CSC"
            },
            {
                "name": "Other",
                "registrations": 450,
                "value": "1.39%",
                "department_code": "CSC"
            },
            {
                "name": "None",
                "registrations": 38,
                "value": "0.12%",
                "department_code": "CSC"
            },
            {
                "name": "Not Available",
                "registrations": 7293,
                "value": "22.55%",
                "department_code": "CSC"
            },
            {
                "name": "Associate",
                "registrations": 16807,
                "value": "10.83%",
                "department_code": "CSD"
            },
            {
                "name": "Elementary",
                "registrations": 105,
                "value": "0.07%",
                "department_code": "CSD"
            },
            {
                "name": "High School",
                "registrations": 15990,
                "value": "10.31%",
                "department_code": "CSD"
            },
            {
                "name": "Bachelor",
                "registrations": 53296,
                "value": "34.35%",
                "department_code": "CSD"
            },
            {
                "name": "Master",
                "registrations": 51480,
                "value": "33.18%",
                "department_code": "CSD"
            },
            {
                "name": "Doctorate",
                "registrations": 3405,
                "value": "2.19%",
                "department_code": "CSD"
            },
            {
                "name": "Other",
                "registrations": 3545,
                "value": "2.28%",
                "department_code": "CSD"
            },
            {
                "name": "None",
                "registrations": 139,
                "value": "0.09%",
                "department_code": "CSD"
            },
            {
                "name": "Not Available",
                "registrations": 10394,
                "value": "6.70%",
                "department_code": "CSD"
            },
            {
                "name": "Associate",
                "registrations": 13633,
                "value": "8.42%",
                "department_code": "IFD"
            },
            {
                "name": "Elementary",
                "registrations": 107,
                "value": "0.07%",
                "department_code": "IFD"
            },
            {
                "name": "High School",
                "registrations": 11553,
                "value": "7.13%",
                "department_code": "IFD"
            },
            {
                "name": "Bachelor",
                "registrations": 55137,
                "value": "34.04%",
                "department_code": "IFD"
            },
            {
                "name": "Master",
                "registrations": 55524,
                "value": "34.28%",
                "department_code": "IFD"
            },
            {
                "name": "Doctorate",
                "registrations": 3067,
                "value": "1.89%",
                "department_code": "IFD"
            },
            {
                "name": "Other",
                "registrations": 3242,
                "value": "2.00%",
                "department_code": "IFD"
            },
            {
                "name": "None",
                "registrations": 119,
                "value": "0.07%",
                "department_code": "IFD"
            },
            {
                "name": "Not Available",
                "registrations": 19577,
                "value": "12.09%",
                "department_code": "IFD"
            },
            {
                "name": "Associate",
                "registrations": 10328,
                "value": "9.96%",
                "department_code": "INE"
            },
            {
                "name": "Elementary",
                "registrations": 88,
                "value": "0.08%",
                "department_code": "INE"
            },
            {
                "name": "High School",
                "registrations": 9049,
                "value": "8.73%",
                "department_code": "INE"
            },
            {
                "name": "Bachelor",
                "registrations": 34083,
                "value": "32.86%",
                "department_code": "INE"
            },
            {
                "name": "Master",
                "registrations": 36779,
                "value": "35.46%",
                "department_code": "INE"
            },
            {
                "name": "Doctorate",
                "registrations": 2011,
                "value": "1.94%",
                "department_code": "INE"
            },
            {
                "name": "Other",
                "registrations": 2152,
                "value": "2.08%",
                "department_code": "INE"
            },
            {
                "name": "None",
                "registrations": 65,
                "value": "0.06%",
                "department_code": "INE"
            },
            {
                "name": "Not Available",
                "registrations": 9154,
                "value": "8.83%",
                "department_code": "INE"
            },
            {
                "name": "Associate",
                "registrations": 6436,
                "value": "12.01%",
                "department_code": "INT"
            },
            {
                "name": "Elementary",
                "registrations": 29,
                "value": "0.05%",
                "department_code": "INT"
            },
            {
                "name": "High School",
                "registrations": 4966,
                "value": "9.27%",
                "department_code": "INT"
            },
            {
                "name": "Bachelor",
                "registrations": 17619,
                "value": "32.88%",
                "department_code": "INT"
            },
            {
                "name": "Master",
                "registrations": 13132,
                "value": "24.51%",
                "department_code": "INT"
            },
            {
                "name": "Doctorate",
                "registrations": 1056,
                "value": "1.97%",
                "department_code": "INT"
            },
            {
                "name": "Other",
                "registrations": 855,
                "value": "1.60%",
                "department_code": "INT"
            },
            {
                "name": "None",
                "registrations": 42,
                "value": "0.08%",
                "department_code": "INT"
            },
            {
                "name": "Not Available",
                "registrations": 9444,
                "value": "17.63%",
                "department_code": "INT"
            },
            {
                "name": "Associate",
                "registrations": 52068,
                "value": "11.29%",
                "department_code": "KIC"
            },
            {
                "name": "Elementary",
                "registrations": 266,
                "value": "0.06%",
                "department_code": "KIC"
            },
            {
                "name": "High School",
                "registrations": 33248,
                "value": "7.21%",
                "department_code": "KIC"
            },
            {
                "name": "Bachelor",
                "registrations": 158727,
                "value": "34.41%",
                "department_code": "KIC"
            },
            {
                "name": "Master",
                "registrations": 132465,
                "value": "28.72%",
                "department_code": "KIC"
            },
            {
                "name": "Doctorate",
                "registrations": 7649,
                "value": "1.66%",
                "department_code": "KIC"
            },
            {
                "name": "Other",
                "registrations": 9339,
                "value": "2.02%",
                "department_code": "KIC"
            },
            {
                "name": "None",
                "registrations": 350,
                "value": "0.08%",
                "department_code": "KIC"
            },
            {
                "name": "Not Available",
                "registrations": 67164,
                "value": "14.56%",
                "department_code": "KIC"
            },
            {
                "name": "Associate",
                "registrations": 1474,
                "value": "10.38%",
                "department_code": "KNL"
            },
            {
                "name": "Elementary",
                "registrations": 17,
                "value": "0.12%",
                "department_code": "KNL"
            },
            {
                "name": "High School",
                "registrations": 1334,
                "value": "9.39%",
                "department_code": "KNL"
            },
            {
                "name": "Bachelor",
                "registrations": 4514,
                "value": "31.78%",
                "department_code": "KNL"
            },
            {
                "name": "Master",
                "registrations": 3532,
                "value": "24.87%",
                "department_code": "KNL"
            },
            {
                "name": "Doctorate",
                "registrations": 361,
                "value": "2.54%",
                "department_code": "KNL"
            },
            {
                "name": "Other",
                "registrations": 259,
                "value": "1.82%",
                "department_code": "KNL"
            },
            {
                "name": "None",
                "registrations": 10,
                "value": "0.07%",
                "department_code": "KNL"
            },
            {
                "name": "Not Available",
                "registrations": 2703,
                "value": "19.03%",
                "department_code": "KNL"
            },
            {
                "name": "Associate",
                "registrations": 5075,
                "value": "9.78%",
                "department_code": "RES"
            },
            {
                "name": "Elementary",
                "registrations": 52,
                "value": "0.10%",
                "department_code": "RES"
            },
            {
                "name": "High School",
                "registrations": 6360,
                "value": "12.26%",
                "department_code": "RES"
            },
            {
                "name": "Bachelor",
                "registrations": 17066,
                "value": "32.89%",
                "department_code": "RES"
            },
            {
                "name": "Master",
                "registrations": 14221,
                "value": "27.41%",
                "department_code": "RES"
            },
            {
                "name": "Doctorate",
                "registrations": 1110,
                "value": "2.14%",
                "department_code": "RES"
            },
            {
                "name": "Other",
                "registrations": 974,
                "value": "1.88%",
                "department_code": "RES"
            },
            {
                "name": "None",
                "registrations": 46,
                "value": "0.09%",
                "department_code": "RES"
            },
            {
                "name": "Not Available",
                "registrations": 6982,
                "value": "13.46%",
                "department_code": "RES"
            },
            {
                "name": "Associate",
                "registrations": 16363,
                "value": "9.06%",
                "department_code": "SCL"
            },
            {
                "name": "Elementary",
                "registrations": 312,
                "value": "0.17%",
                "department_code": "SCL"
            },
            {
                "name": "High School",
                "registrations": 13730,
                "value": "7.60%",
                "department_code": "SCL"
            },
            {
                "name": "Bachelor",
                "registrations": 61747,
                "value": "34.17%",
                "department_code": "SCL"
            },
            {
                "name": "Master",
                "registrations": 52015,
                "value": "28.79%",
                "department_code": "SCL"
            },
            {
                "name": "Doctorate",
                "registrations": 3894,
                "value": "2.15%",
                "department_code": "SCL"
            },
            {
                "name": "Other",
                "registrations": 3454,
                "value": "1.91%",
                "department_code": "SCL"
            },
            {
                "name": "None",
                "registrations": 152,
                "value": "0.08%",
                "department_code": "SCL"
            },
            {
                "name": "Not Available",
                "registrations": 29033,
                "value": "16.07%",
                "department_code": "SCL"
            }
        ],
        "educationLevelDepartments2018": [{
                "name": "Associate",
                "registrations": 84,
                "value": "1.91%",
                "department_code": "CCB"
            },
            {
                "name": "Elementary",
                "registrations": 4,
                "value": "0.09%",
                "department_code": "CCB"
            },
            {
                "name": "High School",
                "registrations": 380,
                "value": "8.66%",
                "department_code": "CCB"
            },
            {
                "name": "Bachelor",
                "registrations": 1187,
                "value": "27.06%",
                "department_code": "CCB"
            },
            {
                "name": "Master",
                "registrations": 1256,
                "value": "28.63%",
                "department_code": "CCB"
            },
            {
                "name": "Doctorate",
                "registrations": 149,
                "value": "3.40%",
                "department_code": "CCB"
            },
            {
                "name": "Other",
                "registrations": 30,
                "value": "0.68%",
                "department_code": "CCB"
            },
            {
                "name": "None",
                "registrations": 6,
                "value": "0.14%",
                "department_code": "CCB"
            },
            {
                "name": "Not Available",
                "registrations": 1291,
                "value": "29.43%",
                "department_code": "CCB"
            },
            {
                "name": "Associate",
                "registrations": 0,
                "value": 0,
                "department_code": "CID"
            },
            {
                "name": "Elementary",
                "registrations": 0,
                "value": 0,
                "department_code": "CID"
            },
            {
                "name": "High School",
                "registrations": 0,
                "value": 0,
                "department_code": "CID"
            },
            {
                "name": "Bachelor",
                "registrations": 0,
                "value": 0,
                "department_code": "CID"
            },
            {
                "name": "Master",
                "registrations": 0,
                "value": 0,
                "department_code": "CID"
            },
            {
                "name": "Doctorate",
                "registrations": 0,
                "value": 0,
                "department_code": "CID"
            },
            {
                "name": "Other",
                "registrations": 0,
                "value": 0,
                "department_code": "CID"
            },
            {
                "name": "None",
                "registrations": 0,
                "value": 0,
                "department_code": "CID"
            },
            {
                "name": "Not Available",
                "registrations": 0,
                "value": 0,
                "department_code": "CID"
            },
            {
                "name": "Associate",
                "registrations": 307,
                "value": "3.41%",
                "department_code": "CSC"
            },
            {
                "name": "Elementary",
                "registrations": 7,
                "value": "0.08%",
                "department_code": "CSC"
            },
            {
                "name": "High School",
                "registrations": 632,
                "value": "7.01%",
                "department_code": "CSC"
            },
            {
                "name": "Bachelor",
                "registrations": 2609,
                "value": "28.94%",
                "department_code": "CSC"
            },
            {
                "name": "Master",
                "registrations": 1581,
                "value": "17.54%",
                "department_code": "CSC"
            },
            {
                "name": "Doctorate",
                "registrations": 164,
                "value": "1.82%",
                "department_code": "CSC"
            },
            {
                "name": "Other",
                "registrations": 125,
                "value": "1.39%",
                "department_code": "CSC"
            },
            {
                "name": "None",
                "registrations": 12,
                "value": "0.13%",
                "department_code": "CSC"
            },
            {
                "name": "Not Available",
                "registrations": 3578,
                "value": "39.69%",
                "department_code": "CSC"
            },
            {
                "name": "Associate",
                "registrations": 992,
                "value": "10.34%",
                "department_code": "CSD"
            },
            {
                "name": "Elementary",
                "registrations": 6,
                "value": "0.06%",
                "department_code": "CSD"
            },
            {
                "name": "High School",
                "registrations": 523,
                "value": "5.45%",
                "department_code": "CSD"
            },
            {
                "name": "Bachelor",
                "registrations": 2769,
                "value": "28.86%",
                "department_code": "CSD"
            },
            {
                "name": "Master",
                "registrations": 2054,
                "value": "21.41%",
                "department_code": "CSD"
            },
            {
                "name": "Doctorate",
                "registrations": 225,
                "value": "2.34%",
                "department_code": "CSD"
            },
            {
                "name": "Other",
                "registrations": 122,
                "value": "1.27%",
                "department_code": "CSD"
            },
            {
                "name": "None",
                "registrations": 4,
                "value": "0.04%",
                "department_code": "CSD"
            },
            {
                "name": "Not Available",
                "registrations": 2900,
                "value": "30.22%",
                "department_code": "CSD"
            },
            {
                "name": "Associate",
                "registrations": 2982,
                "value": "9.23%",
                "department_code": "IFD"
            },
            {
                "name": "Elementary",
                "registrations": 22,
                "value": "0.07%",
                "department_code": "IFD"
            },
            {
                "name": "High School",
                "registrations": 2165,
                "value": "6.70%",
                "department_code": "IFD"
            },
            {
                "name": "Bachelor",
                "registrations": 9843,
                "value": "30.45%",
                "department_code": "IFD"
            },
            {
                "name": "Master",
                "registrations": 6867,
                "value": "21.25%",
                "department_code": "IFD"
            },
            {
                "name": "Doctorate",
                "registrations": 499,
                "value": "1.54%",
                "department_code": "IFD"
            },
            {
                "name": "Other",
                "registrations": 444,
                "value": "1.37%",
                "department_code": "IFD"
            },
            {
                "name": "None",
                "registrations": 18,
                "value": "0.06%",
                "department_code": "IFD"
            },
            {
                "name": "Not Available",
                "registrations": 9482,
                "value": "29.34%",
                "department_code": "IFD"
            },
            {
                "name": "Associate",
                "registrations": 1151,
                "value": "11.37%",
                "department_code": "INE"
            },
            {
                "name": "Elementary",
                "registrations": 8,
                "value": "0.08%",
                "department_code": "INE"
            },
            {
                "name": "High School",
                "registrations": 920,
                "value": "9.09%",
                "department_code": "INE"
            },
            {
                "name": "Bachelor",
                "registrations": 2681,
                "value": "26.48%",
                "department_code": "INE"
            },
            {
                "name": "Master",
                "registrations": 1741,
                "value": "17.20%",
                "department_code": "INE"
            },
            {
                "name": "Doctorate",
                "registrations": 123,
                "value": "1.21%",
                "department_code": "INE"
            },
            {
                "name": "Other",
                "registrations": 137,
                "value": "1.35%",
                "department_code": "INE"
            },
            {
                "name": "None",
                "registrations": 5,
                "value": "0.05%",
                "department_code": "INE"
            },
            {
                "name": "Not Available",
                "registrations": 3358,
                "value": "33.17%",
                "department_code": "INE"
            },
            {
                "name": "Associate",
                "registrations": 2163,
                "value": "9.30%",
                "department_code": "INT"
            },
            {
                "name": "Elementary",
                "registrations": 15,
                "value": "0.06%",
                "department_code": "INT"
            },
            {
                "name": "High School",
                "registrations": 1596,
                "value": "6.86%",
                "department_code": "INT"
            },
            {
                "name": "Bachelor",
                "registrations": 6615,
                "value": "28.43%",
                "department_code": "INT"
            },
            {
                "name": "Master",
                "registrations": 4400,
                "value": "18.91%",
                "department_code": "INT"
            },
            {
                "name": "Doctorate",
                "registrations": 394,
                "value": "1.69%",
                "department_code": "INT"
            },
            {
                "name": "Other",
                "registrations": 254,
                "value": "1.09%",
                "department_code": "INT"
            },
            {
                "name": "None",
                "registrations": 13,
                "value": "0.06%",
                "department_code": "INT"
            },
            {
                "name": "Not Available",
                "registrations": 7818,
                "value": "33.60%",
                "department_code": "INT"
            },
            {
                "name": "Associate",
                "registrations": 7169,
                "value": "7.35%",
                "department_code": "KIC"
            },
            {
                "name": "Elementary",
                "registrations": 53,
                "value": "0.05%",
                "department_code": "KIC"
            },
            {
                "name": "High School",
                "registrations": 6130,
                "value": "6.29%",
                "department_code": "KIC"
            },
            {
                "name": "Bachelor",
                "registrations": 28941,
                "value": "29.67%",
                "department_code": "KIC"
            },
            {
                "name": "Master",
                "registrations": 20583,
                "value": "21.10%",
                "department_code": "KIC"
            },
            {
                "name": "Doctorate",
                "registrations": 1528,
                "value": "1.57%",
                "department_code": "KIC"
            },
            {
                "name": "Other",
                "registrations": 1218,
                "value": "1.25%",
                "department_code": "KIC"
            },
            {
                "name": "None",
                "registrations": 79,
                "value": "0.08%",
                "department_code": "KIC"
            },
            {
                "name": "Not Available",
                "registrations": 31830,
                "value": "32.64%",
                "department_code": "KIC"
            },
            {
                "name": "Associate",
                "registrations": 425,
                "value": "7.96%",
                "department_code": "KNL"
            },
            {
                "name": "Elementary",
                "registrations": 7,
                "value": "0.13%",
                "department_code": "KNL"
            },
            {
                "name": "High School",
                "registrations": 522,
                "value": "9.77%",
                "department_code": "KNL"
            },
            {
                "name": "Bachelor",
                "registrations": 1493,
                "value": "27.95%",
                "department_code": "KNL"
            },
            {
                "name": "Master",
                "registrations": 1134,
                "value": "21.23%",
                "department_code": "KNL"
            },
            {
                "name": "Doctorate",
                "registrations": 121,
                "value": "2.27%",
                "department_code": "KNL"
            },
            {
                "name": "Other",
                "registrations": 79,
                "value": "1.48%",
                "department_code": "KNL"
            },
            {
                "name": "None",
                "registrations": 2,
                "value": "0.04%",
                "department_code": "KNL"
            },
            {
                "name": "Not Available",
                "registrations": 1559,
                "value": "29.18%",
                "department_code": "KNL"
            },
            {
                "name": "Associate",
                "registrations": 1169,
                "value": "8.80%",
                "department_code": "RES"
            },
            {
                "name": "Elementary",
                "registrations": 17,
                "value": "0.13%",
                "department_code": "RES"
            },
            {
                "name": "High School",
                "registrations": 1495,
                "value": "11.25%",
                "department_code": "RES"
            },
            {
                "name": "Bachelor",
                "registrations": 3649,
                "value": "27.47%",
                "department_code": "RES"
            },
            {
                "name": "Master",
                "registrations": 2513,
                "value": "18.92%",
                "department_code": "RES"
            },
            {
                "name": "Doctorate",
                "registrations": 241,
                "value": "1.81%",
                "department_code": "RES"
            },
            {
                "name": "Other",
                "registrations": 165,
                "value": "1.24%",
                "department_code": "RES"
            },
            {
                "name": "None",
                "registrations": 14,
                "value": "0.11%",
                "department_code": "RES"
            },
            {
                "name": "Not Available",
                "registrations": 4020,
                "value": "30.26%",
                "department_code": "RES"
            },
            {
                "name": "Associate",
                "registrations": 4003,
                "value": "7.85%",
                "department_code": "SCL"
            },
            {
                "name": "Elementary",
                "registrations": 136,
                "value": "0.27%",
                "department_code": "SCL"
            },
            {
                "name": "High School",
                "registrations": 3415,
                "value": "6.70%",
                "department_code": "SCL"
            },
            {
                "name": "Bachelor",
                "registrations": 13858,
                "value": "27.17%",
                "department_code": "SCL"
            },
            {
                "name": "Master",
                "registrations": 8845,
                "value": "17.34%",
                "department_code": "SCL"
            },
            {
                "name": "Doctorate",
                "registrations": 878,
                "value": "1.72%",
                "department_code": "SCL"
            },
            {
                "name": "Other",
                "registrations": 710,
                "value": "1.39%",
                "department_code": "SCL"
            },
            {
                "name": "None",
                "registrations": 43,
                "value": "0.08%",
                "department_code": "SCL"
            },
            {
                "name": "Not Available",
                "registrations": 19109,
                "value": "37.47%",
                "department_code": "SCL"
            }
        ],
        "educationLevelDivisionsAllTheTime": [{
                "name": "Associate",
                "registrations": 307,
                "value": "3.41%",
                "division_code": "CBD"
            },
            {
                "name": "Elementary",
                "registrations": 7,
                "value": "0.08%",
                "division_code": "CBD"
            },
            {
                "name": "High School",
                "registrations": 632,
                "value": "7.01%",
                "division_code": "CBD"
            },
            {
                "name": "Bachelor",
                "registrations": "2,609",
                "value": "28.94%",
                "division_code": "CBD"
            },
            {
                "name": "Master",
                "registrations": "1,581",
                "value": "17.54%",
                "division_code": "CBD"
            },
            {
                "name": "Doctorate",
                "registrations": 164,
                "value": "1.82%",
                "division_code": "CBD"
            },
            {
                "name": "Other",
                "registrations": 125,
                "value": "1.39%",
                "division_code": "CBD"
            },
            {
                "name": "None",
                "registrations": 12,
                "value": "0.13%",
                "division_code": "CBD"
            },
            {
                "name": "Not Available",
                "registrations": "3,578",
                "value": "39.69%",
                "division_code": "CBD"
            },
            {
                "name": "Associate",
                "registrations": "1,667",
                "value": "7.65%",
                "division_code": "EDU"
            },
            {
                "name": "Elementary",
                "registrations": 61,
                "value": "0.28%",
                "division_code": "EDU"
            },
            {
                "name": "High School",
                "registrations": "1,636",
                "value": "7.51%",
                "division_code": "EDU"
            },
            {
                "name": "Bachelor",
                "registrations": "5,807",
                "value": "26.65%",
                "division_code": "EDU"
            },
            {
                "name": "Master",
                "registrations": "4,182",
                "value": "19.19%",
                "division_code": "EDU"
            },
            {
                "name": "Doctorate",
                "registrations": 411,
                "value": "1.89%",
                "division_code": "EDU"
            },
            {
                "name": "Other",
                "registrations": 302,
                "value": "1.39%",
                "division_code": "EDU"
            },
            {
                "name": "None",
                "registrations": 20,
                "value": "0.09%",
                "division_code": "EDU"
            },
            {
                "name": "Not Available",
                "registrations": "7,701",
                "value": "35.35%",
                "division_code": "EDU"
            },
            {
                "name": "Associate",
                "registrations": "1,190",
                "value": "9.22%",
                "division_code": "FMM"
            },
            {
                "name": "Elementary",
                "registrations": 9,
                "value": "0.07%",
                "division_code": "FMM"
            },
            {
                "name": "High School",
                "registrations": 768,
                "value": "5.95%",
                "division_code": "FMM"
            },
            {
                "name": "Bachelor",
                "registrations": "3,987",
                "value": "30.90%",
                "division_code": "FMM"
            },
            {
                "name": "Master",
                "registrations": "2,674",
                "value": "20.72%",
                "division_code": "FMM"
            },
            {
                "name": "Doctorate",
                "registrations": 195,
                "value": "1.51%",
                "division_code": "FMM"
            },
            {
                "name": "Other",
                "registrations": 172,
                "value": "1.33%",
                "division_code": "FMM"
            },
            {
                "name": "None",
                "registrations": 8,
                "value": "0.06%",
                "division_code": "FMM"
            },
            {
                "name": "Not Available",
                "registrations": "3,902",
                "value": "30.24%",
                "division_code": "FMM"
            },
            {
                "name": "Associate",
                "registrations": 788,
                "value": "9.52%",
                "division_code": "ICS"
            },
            {
                "name": "Elementary",
                "registrations": 3,
                "value": "0.04%",
                "division_code": "ICS"
            },
            {
                "name": "High School",
                "registrations": 463,
                "value": "5.59%",
                "division_code": "ICS"
            },
            {
                "name": "Bachelor",
                "registrations": "2,842",
                "value": "34.33%",
                "division_code": "ICS"
            },
            {
                "name": "Master",
                "registrations": "1,848",
                "value": "22.32%",
                "division_code": "ICS"
            },
            {
                "name": "Doctorate",
                "registrations": 109,
                "value": "1.32%",
                "division_code": "ICS"
            },
            {
                "name": "Other",
                "registrations": 130,
                "value": "1.57%",
                "division_code": "ICS"
            },
            {
                "name": "None",
                "registrations": 3,
                "value": "0.04%",
                "division_code": "ICS"
            },
            {
                "name": "Not Available",
                "registrations": "2,093",
                "value": "25.28%",
                "division_code": "ICS"
            },
            {
                "name": "Associate",
                "registrations": "1,004",
                "value": "9.01%",
                "division_code": "IFD"
            },
            {
                "name": "Elementary",
                "registrations": 10,
                "value": "0.09%",
                "division_code": "IFD"
            },
            {
                "name": "High School",
                "registrations": 934,
                "value": "8.39%",
                "division_code": "IFD"
            },
            {
                "name": "Bachelor",
                "registrations": "3,014",
                "value": "27.06%",
                "division_code": "IFD"
            },
            {
                "name": "Master",
                "registrations": "2,345",
                "value": "21.05%",
                "division_code": "IFD"
            },
            {
                "name": "Doctorate",
                "registrations": 195,
                "value": "1.75%",
                "division_code": "IFD"
            },
            {
                "name": "Other",
                "registrations": 142,
                "value": "1.27%",
                "division_code": "IFD"
            },
            {
                "name": "None",
                "registrations": 7,
                "value": "0.06%",
                "division_code": "IFD"
            },
            {
                "name": "Not Available",
                "registrations": "3,487",
                "value": "31.31%",
                "division_code": "IFD"
            },
            {
                "name": "Associate",
                "registrations": "7,169",
                "value": "7.35%",
                "division_code": "KLD"
            },
            {
                "name": "Elementary",
                "registrations": 53,
                "value": "0.05%",
                "division_code": "KLD"
            },
            {
                "name": "High School",
                "registrations": "6,130",
                "value": "6.29%",
                "division_code": "KLD"
            },
            {
                "name": "Bachelor",
                "registrations": "28,941",
                "value": "29.67%",
                "division_code": "KLD"
            },
            {
                "name": "Master",
                "registrations": "20,583",
                "value": "21.10%",
                "division_code": "KLD"
            },
            {
                "name": "Doctorate",
                "registrations": "1,528",
                "value": "1.57%",
                "division_code": "KLD"
            },
            {
                "name": "Other",
                "registrations": "1,218",
                "value": "1.25%",
                "division_code": "KLD"
            },
            {
                "name": "None",
                "registrations": 79,
                "value": "0.08%",
                "division_code": "KLD"
            },
            {
                "name": "Not Available",
                "registrations": "31,830",
                "value": "32.64%",
                "division_code": "KLD"
            },
            {
                "name": "Associate",
                "registrations": 425,
                "value": "7.96%",
                "division_code": "KNM"
            },
            {
                "name": "Elementary",
                "registrations": 7,
                "value": "0.13%",
                "division_code": "KNM"
            },
            {
                "name": "High School",
                "registrations": 522,
                "value": "9.77%",
                "division_code": "KNM"
            },
            {
                "name": "Bachelor",
                "registrations": "1,493",
                "value": "27.95%",
                "division_code": "KNM"
            },
            {
                "name": "Master",
                "registrations": "1,134",
                "value": "21.23%",
                "division_code": "KNM"
            },
            {
                "name": "Doctorate",
                "registrations": 121,
                "value": "2.27%",
                "division_code": "KNM"
            },
            {
                "name": "Other",
                "registrations": 79,
                "value": "1.48%",
                "division_code": "KNM"
            },
            {
                "name": "None",
                "registrations": 2,
                "value": "0.04%",
                "division_code": "KNM"
            },
            {
                "name": "Not Available",
                "registrations": "1,559",
                "value": "29.18%",
                "division_code": "KNM"
            },
            {
                "name": "Associate",
                "registrations": 425,
                "value": "7.96%",
                "division_code": "LMK"
            },
            {
                "name": "Elementary",
                "registrations": 7,
                "value": "0.13%",
                "division_code": "LMK"
            },
            {
                "name": "High School",
                "registrations": 522,
                "value": "9.77%",
                "division_code": "LMK"
            },
            {
                "name": "Bachelor",
                "registrations": "1,493",
                "value": "27.95%",
                "division_code": "LMK"
            },
            {
                "name": "Master",
                "registrations": "1,134",
                "value": "21.23%",
                "division_code": "LMK"
            },
            {
                "name": "Doctorate",
                "registrations": 121,
                "value": "2.27%",
                "division_code": "LMK"
            },
            {
                "name": "Other",
                "registrations": 79,
                "value": "1.48%",
                "division_code": "LMK"
            },
            {
                "name": "None",
                "registrations": 2,
                "value": "0.04%",
                "division_code": "LMK"
            },
            {
                "name": "Not Available",
                "registrations": "1,559",
                "value": "29.18%",
                "division_code": "LMK"
            },
            {
                "name": "Associate",
                "registrations": 992,
                "value": "10.34%",
                "division_code": "RND"
            },
            {
                "name": "Elementary",
                "registrations": 6,
                "value": "0.06%",
                "division_code": "RND"
            },
            {
                "name": "High School",
                "registrations": 523,
                "value": "5.45%",
                "division_code": "RND"
            },
            {
                "name": "Bachelor",
                "registrations": "2,769",
                "value": "28.86%",
                "division_code": "RND"
            },
            {
                "name": "Master",
                "registrations": "2,054",
                "value": "21.41%",
                "division_code": "RND"
            },
            {
                "name": "Doctorate",
                "registrations": 225,
                "value": "2.34%",
                "division_code": "RND"
            },
            {
                "name": "Other",
                "registrations": 122,
                "value": "1.27%",
                "division_code": "RND"
            },
            {
                "name": "None",
                "registrations": 4,
                "value": "0.04%",
                "division_code": "RND"
            },
            {
                "name": "Not Available",
                "registrations": "2,900",
                "value": "30.22%",
                "division_code": "RND"
            },
            {
                "name": "Associate",
                "registrations": "1,911",
                "value": "8.01%",
                "division_code": "SPH"
            },
            {
                "name": "Elementary",
                "registrations": 68,
                "value": "0.28%",
                "division_code": "SPH"
            },
            {
                "name": "High School",
                "registrations": "1,257",
                "value": "5.27%",
                "division_code": "SPH"
            },
            {
                "name": "Bachelor",
                "registrations": "6,558",
                "value": "27.48%",
                "division_code": "SPH"
            },
            {
                "name": "Master",
                "registrations": "3,529",
                "value": "14.79%",
                "division_code": "SPH"
            },
            {
                "name": "Doctorate",
                "registrations": 346,
                "value": "1.45%",
                "division_code": "SPH"
            },
            {
                "name": "Other",
                "registrations": 329,
                "value": "1.38%",
                "division_code": "SPH"
            },
            {
                "name": "None",
                "registrations": 21,
                "value": "0.09%",
                "division_code": "SPH"
            },
            {
                "name": "Not Available",
                "registrations": "9,849",
                "value": "41.26%",
                "division_code": "SPH"
            },
            {
                "name": "Associate",
                "registrations": 644,
                "value": "12.52%",
                "division_code": "TSP"
            },
            {
                "name": "Elementary",
                "registrations": 5,
                "value": "0.10%",
                "division_code": "TSP"
            },
            {
                "name": "High School",
                "registrations": 435,
                "value": "8.46%",
                "division_code": "TSP"
            },
            {
                "name": "Bachelor",
                "registrations": "1,402",
                "value": "27.27%",
                "division_code": "TSP"
            },
            {
                "name": "Master",
                "registrations": 815,
                "value": "15.85%",
                "division_code": "TSP"
            },
            {
                "name": "Doctorate",
                "registrations": 44,
                "value": "0.86%",
                "division_code": "TSP"
            },
            {
                "name": "Other",
                "registrations": 67,
                "value": "1.30%",
                "division_code": "TSP"
            },
            {
                "name": "None",
                "registrations": 3,
                "value": "0.06%",
                "division_code": "TSP"
            },
            {
                "name": "Not Available",
                "registrations": "1,727",
                "value": "33.59%",
                "division_code": "TSP"
            },
            {
                "name": "Associate",
                "registrations": 507,
                "value": "10.18%",
                "division_code": "WSA"
            },
            {
                "name": "Elementary",
                "registrations": 3,
                "value": "0.06%",
                "division_code": "WSA"
            },
            {
                "name": "High School",
                "registrations": 485,
                "value": "9.74%",
                "division_code": "WSA"
            },
            {
                "name": "Bachelor",
                "registrations": "1,279",
                "value": "25.67%",
                "division_code": "WSA"
            },
            {
                "name": "Master",
                "registrations": 926,
                "value": "18.59%",
                "division_code": "WSA"
            },
            {
                "name": "Doctorate",
                "registrations": 79,
                "value": "1.59%",
                "division_code": "WSA"
            },
            {
                "name": "Other",
                "registrations": 70,
                "value": "1.41%",
                "division_code": "WSA"
            },
            {
                "name": "None",
                "registrations": 2,
                "value": "0.04%",
                "division_code": "WSA"
            },
            {
                "name": "Not Available",
                "registrations": "1,631",
                "value": "32.74%",
                "division_code": "WSA"
            }
        ],
        "educationLevelDivisions2018": [{
                "name": "Associate",
                "registrations": 307,
                "value": "3.41%",
                "division_code": "CBD"
            },
            {
                "name": "Elementary",
                "registrations": 7,
                "value": "0.08%",
                "division_code": "CBD"
            },
            {
                "name": "High School",
                "registrations": 632,
                "value": "7.01%",
                "division_code": "CBD"
            },
            {
                "name": "Bachelor",
                "registrations": 2609,
                "value": "28.94%",
                "division_code": "CBD"
            },
            {
                "name": "Master",
                "registrations": 1581,
                "value": "17.54%",
                "division_code": "CBD"
            },
            {
                "name": "Doctorate",
                "registrations": 164,
                "value": "1.82%",
                "division_code": "CBD"
            },
            {
                "name": "Other",
                "registrations": 125,
                "value": "1.39%",
                "division_code": "CBD"
            },
            {
                "name": "None",
                "registrations": 12,
                "value": "0.13%",
                "division_code": "CBD"
            },
            {
                "name": "Not Available",
                "registrations": 3578,
                "value": "39.69%",
                "division_code": "CBD"
            },
            {
                "name": "Associate",
                "registrations": 1667,
                "value": "7.65%",
                "division_code": "EDU"
            },
            {
                "name": "Elementary",
                "registrations": 61,
                "value": "0.28%",
                "division_code": "EDU"
            },
            {
                "name": "High School",
                "registrations": 1636,
                "value": "7.51%",
                "division_code": "EDU"
            },
            {
                "name": "Bachelor",
                "registrations": 5807,
                "value": "26.65%",
                "division_code": "EDU"
            },
            {
                "name": "Master",
                "registrations": 4182,
                "value": "19.19%",
                "division_code": "EDU"
            },
            {
                "name": "Doctorate",
                "registrations": 411,
                "value": "1.89%",
                "division_code": "EDU"
            },
            {
                "name": "Other",
                "registrations": 302,
                "value": "1.39%",
                "division_code": "EDU"
            },
            {
                "name": "None",
                "registrations": 20,
                "value": "0.09%",
                "division_code": "EDU"
            },
            {
                "name": "Not Available",
                "registrations": 7701,
                "value": "35.35%",
                "division_code": "EDU"
            },
            {
                "name": "Associate",
                "registrations": 1190,
                "value": "9.22%",
                "division_code": "FMM"
            },
            {
                "name": "Elementary",
                "registrations": 9,
                "value": "0.07%",
                "division_code": "FMM"
            },
            {
                "name": "High School",
                "registrations": 768,
                "value": "5.95%",
                "division_code": "FMM"
            },
            {
                "name": "Bachelor",
                "registrations": 3987,
                "value": "30.90%",
                "division_code": "FMM"
            },
            {
                "name": "Master",
                "registrations": 2674,
                "value": "20.72%",
                "division_code": "FMM"
            },
            {
                "name": "Doctorate",
                "registrations": 195,
                "value": "1.51%",
                "division_code": "FMM"
            },
            {
                "name": "Other",
                "registrations": 172,
                "value": "1.33%",
                "division_code": "FMM"
            },
            {
                "name": "None",
                "registrations": 8,
                "value": "0.06%",
                "division_code": "FMM"
            },
            {
                "name": "Not Available",
                "registrations": 3902,
                "value": "30.24%",
                "division_code": "FMM"
            },
            {
                "name": "Associate",
                "registrations": 788,
                "value": "9.52%",
                "division_code": "ICS"
            },
            {
                "name": "Elementary",
                "registrations": 3,
                "value": "0.04%",
                "division_code": "ICS"
            },
            {
                "name": "High School",
                "registrations": 463,
                "value": "5.59%",
                "division_code": "ICS"
            },
            {
                "name": "Bachelor",
                "registrations": 2842,
                "value": "34.33%",
                "division_code": "ICS"
            },
            {
                "name": "Master",
                "registrations": 1848,
                "value": "22.32%",
                "division_code": "ICS"
            },
            {
                "name": "Doctorate",
                "registrations": 109,
                "value": "1.32%",
                "division_code": "ICS"
            },
            {
                "name": "Other",
                "registrations": 130,
                "value": "1.57%",
                "division_code": "ICS"
            },
            {
                "name": "None",
                "registrations": 3,
                "value": "0.04%",
                "division_code": "ICS"
            },
            {
                "name": "Not Available",
                "registrations": 2093,
                "value": "25.28%",
                "division_code": "ICS"
            },
            {
                "name": "Associate",
                "registrations": 1004,
                "value": "9.01%",
                "division_code": "IFD"
            },
            {
                "name": "Elementary",
                "registrations": 10,
                "value": "0.09%",
                "division_code": "IFD"
            },
            {
                "name": "High School",
                "registrations": 934,
                "value": "8.39%",
                "division_code": "IFD"
            },
            {
                "name": "Bachelor",
                "registrations": 3014,
                "value": "27.06%",
                "division_code": "IFD"
            },
            {
                "name": "Master",
                "registrations": 2345,
                "value": "21.05%",
                "division_code": "IFD"
            },
            {
                "name": "Doctorate",
                "registrations": 195,
                "value": "1.75%",
                "division_code": "IFD"
            },
            {
                "name": "Other",
                "registrations": 142,
                "value": "1.27%",
                "division_code": "IFD"
            },
            {
                "name": "None",
                "registrations": 7,
                "value": "0.06%",
                "division_code": "IFD"
            },
            {
                "name": "Not Available",
                "registrations": 3487,
                "value": "31.31%",
                "division_code": "IFD"
            },
            {
                "name": "Associate",
                "registrations": 7169,
                "value": "7.35%",
                "division_code": "KLD"
            },
            {
                "name": "Elementary",
                "registrations": 53,
                "value": "0.05%",
                "division_code": "KLD"
            },
            {
                "name": "High School",
                "registrations": 6130,
                "value": "6.29%",
                "division_code": "KLD"
            },
            {
                "name": "Bachelor",
                "registrations": 28941,
                "value": "29.67%",
                "division_code": "KLD"
            },
            {
                "name": "Master",
                "registrations": 20583,
                "value": "21.10%",
                "division_code": "KLD"
            },
            {
                "name": "Doctorate",
                "registrations": 1528,
                "value": "1.57%",
                "division_code": "KLD"
            },
            {
                "name": "Other",
                "registrations": 1218,
                "value": "1.25%",
                "division_code": "KLD"
            },
            {
                "name": "None",
                "registrations": 79,
                "value": "0.08%",
                "division_code": "KLD"
            },
            {
                "name": "Not Available",
                "registrations": 31830,
                "value": "32.64%",
                "division_code": "KLD"
            },
            {
                "name": "Associate",
                "registrations": 425,
                "value": "7.96%",
                "division_code": "KNM"
            },
            {
                "name": "Elementary",
                "registrations": 7,
                "value": "0.13%",
                "division_code": "KNM"
            },
            {
                "name": "High School",
                "registrations": 522,
                "value": "9.77%",
                "division_code": "KNM"
            },
            {
                "name": "Bachelor",
                "registrations": 1493,
                "value": "27.95%",
                "division_code": "KNM"
            },
            {
                "name": "Master",
                "registrations": 1134,
                "value": "21.23%",
                "division_code": "KNM"
            },
            {
                "name": "Doctorate",
                "registrations": 121,
                "value": "2.27%",
                "division_code": "KNM"
            },
            {
                "name": "Other",
                "registrations": 79,
                "value": "1.48%",
                "division_code": "KNM"
            },
            {
                "name": "None",
                "registrations": 2,
                "value": "0.04%",
                "division_code": "KNM"
            },
            {
                "name": "Not Available",
                "registrations": 1559,
                "value": "29.18%",
                "division_code": "KNM"
            },
            {
                "name": "Associate",
                "registrations": 425,
                "value": "7.96%",
                "division_code": "LMK"
            },
            {
                "name": "Elementary",
                "registrations": 7,
                "value": "0.13%",
                "division_code": "LMK"
            },
            {
                "name": "High School",
                "registrations": 522,
                "value": "9.77%",
                "division_code": "LMK"
            },
            {
                "name": "Bachelor",
                "registrations": 1493,
                "value": "27.95%",
                "division_code": "LMK"
            },
            {
                "name": "Master",
                "registrations": 1134,
                "value": "21.23%",
                "division_code": "LMK"
            },
            {
                "name": "Doctorate",
                "registrations": 121,
                "value": "2.27%",
                "division_code": "LMK"
            },
            {
                "name": "Other",
                "registrations": 79,
                "value": "1.48%",
                "division_code": "LMK"
            },
            {
                "name": "None",
                "registrations": 2,
                "value": "0.04%",
                "division_code": "LMK"
            },
            {
                "name": "Not Available",
                "registrations": 1559,
                "value": "29.18%",
                "division_code": "LMK"
            },
            {
                "name": "Associate",
                "registrations": 992,
                "value": "10.34%",
                "division_code": "RND"
            },
            {
                "name": "Elementary",
                "registrations": 6,
                "value": "0.06%",
                "division_code": "RND"
            },
            {
                "name": "High School",
                "registrations": 523,
                "value": "5.45%",
                "division_code": "RND"
            },
            {
                "name": "Bachelor",
                "registrations": 2769,
                "value": "28.86%",
                "division_code": "RND"
            },
            {
                "name": "Master",
                "registrations": 2054,
                "value": "21.41%",
                "division_code": "RND"
            },
            {
                "name": "Doctorate",
                "registrations": 225,
                "value": "2.34%",
                "division_code": "RND"
            },
            {
                "name": "Other",
                "registrations": 122,
                "value": "1.27%",
                "division_code": "RND"
            },
            {
                "name": "None",
                "registrations": 4,
                "value": "0.04%",
                "division_code": "RND"
            },
            {
                "name": "Not Available",
                "registrations": 2900,
                "value": "30.22%",
                "division_code": "RND"
            },
            {
                "name": "Associate",
                "registrations": 1911,
                "value": "8.01%",
                "division_code": "SPH"
            },
            {
                "name": "Elementary",
                "registrations": 68,
                "value": "0.28%",
                "division_code": "SPH"
            },
            {
                "name": "High School",
                "registrations": 1257,
                "value": "5.27%",
                "division_code": "SPH"
            },
            {
                "name": "Bachelor",
                "registrations": 6558,
                "value": "27.48%",
                "division_code": "SPH"
            },
            {
                "name": "Master",
                "registrations": 3529,
                "value": "14.79%",
                "division_code": "SPH"
            },
            {
                "name": "Doctorate",
                "registrations": 346,
                "value": "1.45%",
                "division_code": "SPH"
            },
            {
                "name": "Other",
                "registrations": 329,
                "value": "1.38%",
                "division_code": "SPH"
            },
            {
                "name": "None",
                "registrations": 21,
                "value": "0.09%",
                "division_code": "SPH"
            },
            {
                "name": "Not Available",
                "registrations": 9849,
                "value": "41.26%",
                "division_code": "SPH"
            },
            {
                "name": "Associate",
                "registrations": 644,
                "value": "12.52%",
                "division_code": "TSP"
            },
            {
                "name": "Elementary",
                "registrations": 5,
                "value": "0.10%",
                "division_code": "TSP"
            },
            {
                "name": "High School",
                "registrations": 435,
                "value": "8.46%",
                "division_code": "TSP"
            },
            {
                "name": "Bachelor",
                "registrations": 1402,
                "value": "27.27%",
                "division_code": "TSP"
            },
            {
                "name": "Master",
                "registrations": 815,
                "value": "15.85%",
                "division_code": "TSP"
            },
            {
                "name": "Doctorate",
                "registrations": 44,
                "value": "0.86%",
                "division_code": "TSP"
            },
            {
                "name": "Other",
                "registrations": 67,
                "value": "1.30%",
                "division_code": "TSP"
            },
            {
                "name": "None",
                "registrations": 3,
                "value": "0.06%",
                "division_code": "TSP"
            },
            {
                "name": "Not Available",
                "registrations": 1727,
                "value": "33.59%",
                "division_code": "TSP"
            },
            {
                "name": "Associate",
                "registrations": 507,
                "value": "10.18%",
                "division_code": "WSA"
            },
            {
                "name": "Elementary",
                "registrations": 3,
                "value": "0.06%",
                "division_code": "WSA"
            },
            {
                "name": "High School",
                "registrations": 485,
                "value": "9.74%",
                "division_code": "WSA"
            },
            {
                "name": "Bachelor",
                "registrations": 1279,
                "value": "25.67%",
                "division_code": "WSA"
            },
            {
                "name": "Master",
                "registrations": 926,
                "value": "18.59%",
                "division_code": "WSA"
            },
            {
                "name": "Doctorate",
                "registrations": 79,
                "value": "1.59%",
                "division_code": "WSA"
            },
            {
                "name": "Other",
                "registrations": 70,
                "value": "1.41%",
                "division_code": "WSA"
            },
            {
                "name": "None",
                "registrations": 2,
                "value": "0.04%",
                "division_code": "WSA"
            },
            {
                "name": "Not Available",
                "registrations": 1631,
                "value": "32.74%",
                "division_code": "WSA"
            }
        ],
        "educationLevelIDBAllTheTime": [{
                "name": "Associate",
                "registrations": 18354,
                "value": "8.30%"
            },
            {
                "name": "Elementary",
                "registrations": 236,
                "value": "0.11%"
            },
            {
                "name": "High School",
                "registrations": 14678,
                "value": "6.64%"
            },
            {
                "name": "Bachelor",
                "registrations": 63877,
                "value": "28.89%"
            },
            {
                "name": "Master",
                "registrations": 43601,
                "value": "19.72%"
            },
            {
                "name": "Doctorate",
                "registrations": 3525,
                "value": "1.59%"
            },
            {
                "name": "Other",
                "registrations": 2813,
                "value": "1.27%"
            },
            {
                "name": "None",
                "registrations": 170,
                "value": "0.08%"
            },
            {
                "name": "Not Available",
                "registrations": 73840,
                "value": "33.40%"
            }
        ],
        "educationLevelIDB2018": [{
                "name": "Associate",
                "registrations": 22449,
                "value": "8.07%"
            },
            {
                "name": "Elementary",
                "registrations": 290,
                "value": "0.10%"
            },
            {
                "name": "High School",
                "registrations": 19495,
                "value": "7.01%"
            },
            {
                "name": "Bachelor",
                "registrations": 79834,
                "value": "28.71%"
            },
            {
                "name": "Master",
                "registrations": 55435,
                "value": "19.94%"
            },
            {
                "name": "Doctorate",
                "registrations": 4690,
                "value": "1.69%"
            },
            {
                "name": "Other",
                "registrations": 3550,
                "value": "1.28%"
            },
            {
                "name": "None",
                "registrations": 205,
                "value": "0.07%"
            },
            {
                "name": "Not Available",
                "registrations": 92117,
                "value": "33.13%"
            }
        ]
    }
}