{"moocsGenderArrays" : {
    "genderDepartments": [
        {
            "code": "CCB",
            "gender": "Female",
            "all_registrations": 1415,
            "all_population": 0.32,
            "2018_registrations": 1415,
            "2018_population": 0.32
        },
        {
            "code": "CCB",
            "gender": "Male",
            "all_registrations": 1718,
            "all_population": 0.39,
            "2018_registrations": 1718,
            "2018_population": 0.39
        },
        {
            "code": "CCB",
            "gender": "Not Available",
            "all_registrations": 1244,
            "all_population": 0.28,
            "2018_registrations": 1244,
            "2018_population": 0.28
        },
        {
            "code": "CCB",
            "gender": "Other",
            "all_registrations": 10,
            "all_population": 0,
            "2018_registrations": 10,
            "2018_population": 0
        },
        {
            "code": "CSC",
            "gender": "Female",
            "all_registrations": 2599,
            "all_population": 0.29,
            "2018_registrations": 2599,
            "2018_population": 0.29
        },
        {
            "code": "CSC",
            "gender": "Male",
            "all_registrations": 3117,
            "all_population": 0.35,
            "2018_registrations": 3117,
            "2018_population": 0.35
        },
        {
            "code": "CSC",
            "gender": "Not Available",
            "all_registrations": 3289,
            "all_population": 0.36,
            "2018_registrations": 3289,
            "2018_population": 0.36
        },
        {
            "code": "CSC",
            "gender": "Other",
            "all_registrations": 10,
            "all_population": 0,
            "2018_registrations": 10,
            "2018_population": 0
        },
        {
            "code": "CSD",
            "gender": "Female",
            "all_registrations": 2735,
            "all_population": 0.29,
            "2018_registrations": 2735,
            "2018_population": 0.29
        },
        {
            "code": "CSD",
            "gender": "Male",
            "all_registrations": 4113,
            "all_population": 0.43,
            "2018_registrations": 4113,
            "2018_population": 0.43
        },
        {
            "code": "CSD",
            "gender": "Not Available",
            "all_registrations": 2735,
            "all_population": 0.29,
            "2018_registrations": 2735,
            "2018_population": 0.29
        },
        {
            "code": "CSD",
            "gender": "Other",
            "all_registrations": 12,
            "all_population": 0,
            "2018_registrations": 12,
            "2018_population": 0
        },
        {
            "code": "IFD",
            "gender": "Female",
            "all_registrations": 9326,
            "all_population": 0.29,
            "2018_registrations": 9326,
            "2018_population": 0.29
        },
        {
            "code": "IFD",
            "gender": "Male",
            "all_registrations": 14075,
            "all_population": 0.44,
            "2018_registrations": 14075,
            "2018_population": 0.44
        },
        {
            "code": "IFD",
            "gender": "Not Available",
            "all_registrations": 8867,
            "all_population": 0.27,
            "2018_registrations": 8867,
            "2018_population": 0.27
        },
        {
            "code": "IFD",
            "gender": "Other",
            "all_registrations": 54,
            "all_population": 0,
            "2018_registrations": 54,
            "2018_population": 0
        },
        {
            "code": "INE",
            "gender": "Female",
            "all_registrations": 2904,
            "all_population": 0.29,
            "2018_registrations": 2904,
            "2018_population": 0.29
        },
        {
            "code": "INE",
            "gender": "Male",
            "all_registrations": 4135,
            "all_population": 0.41,
            "2018_registrations": 4135,
            "2018_population": 0.41
        },
        {
            "code": "INE",
            "gender": "Not Available",
            "all_registrations": 3076,
            "all_population": 0.3,
            "2018_registrations": 3076,
            "2018_population": 0.3
        },
        {
            "code": "INE",
            "gender": "Other",
            "all_registrations": 9,
            "all_population": 0,
            "2018_registrations": 9,
            "2018_population": 0
        },
        {
            "code": "INT",
            "gender": "Female",
            "all_registrations": 7091,
            "all_population": 0.3,
            "2018_registrations": 7091,
            "2018_population": 0.3
        },
        {
            "code": "INT",
            "gender": "Male",
            "all_registrations": 8933,
            "all_population": 0.38,
            "2018_registrations": 8933,
            "2018_population": 0.38
        },
        {
            "code": "INT",
            "gender": "Not Available",
            "all_registrations": 7208,
            "all_population": 0.31,
            "2018_registrations": 7208,
            "2018_population": 0.31
        },
        {
            "code": "INT",
            "gender": "Other",
            "all_registrations": 36,
            "all_population": 0,
            "2018_registrations": 36,
            "2018_population": 0
        },
        {
            "code": "KIC",
            "gender": "Female",
            "all_registrations": 29090,
            "all_population": 0.3,
            "2018_registrations": 29090,
            "2018_population": 0.3
        },
        {
            "code": "KIC",
            "gender": "Male",
            "all_registrations": 38529,
            "all_population": 0.4,
            "2018_registrations": 38529,
            "2018_population": 0.4
        },
        {
            "code": "KIC",
            "gender": "Not Available",
            "all_registrations": 29744,
            "all_population": 0.3,
            "2018_registrations": 29744,
            "2018_population": 0.3
        },
        {
            "code": "KIC",
            "gender": "Other",
            "all_registrations": 168,
            "all_population": 0,
            "2018_registrations": 168,
            "2018_population": 0
        },
        {
            "code": "KNL",
            "gender": "Female",
            "all_registrations": 2173,
            "all_population": 0.41,
            "2018_registrations": 2173,
            "2018_population": 0.41
        },
        {
            "code": "KNL",
            "gender": "Male",
            "all_registrations": 1719,
            "all_population": 0.32,
            "2018_registrations": 1719,
            "2018_population": 0.32
        },
        {
            "code": "KNL",
            "gender": "Not Available",
            "all_registrations": 1438,
            "all_population": 0.27,
            "2018_registrations": 1438,
            "2018_population": 0.27
        },
        {
            "code": "KNL",
            "gender": "Other",
            "all_registrations": 12,
            "all_population": 0,
            "2018_registrations": 12,
            "2018_population": 0
        },
        {
            "code": "RES",
            "gender": "Female",
            "all_registrations": 4551,
            "all_population": 0.34,
            "2018_registrations": 4551,
            "2018_population": 0.34
        },
        {
            "code": "RES",
            "gender": "Male",
            "all_registrations": 5029,
            "all_population": 0.38,
            "2018_registrations": 5029,
            "2018_population": 0.38
        },
        {
            "code": "RES",
            "gender": "Not Available",
            "all_registrations": 3678,
            "all_population": 0.28,
            "2018_registrations": 3678,
            "2018_population": 0.28
        },
        {
            "code": "RES",
            "gender": "Other",
            "all_registrations": 25,
            "all_population": 0,
            "2018_registrations": 25,
            "2018_population": 0
        },
        {
            "code": "SCL",
            "gender": "Female",
            "all_registrations": 21286,
            "all_population": 0.42,
            "2018_registrations": 21286,
            "2018_population": 0.42
        },
        {
            "code": "SCL",
            "gender": "Male",
            "all_registrations": 11607,
            "all_population": 0.23,
            "2018_registrations": 11607,
            "2018_population": 0.23
        },
        {
            "code": "SCL",
            "gender": "Not Available",
            "all_registrations": 17997,
            "all_population": 0.35,
            "2018_registrations": 17997,
            "2018_population": 0.35
        },
        {
            "code": "SCL",
            "gender": "Other",
            "all_registrations": 107,
            "all_population": 0,
            "2018_registrations": 107,
            "2018_population": 0
        }
    ],
    "genderDivisions": [
        {
            "code": "CBD",
            "gender": "Female",
            "all_registrations": 2599,
            "all_population": 0.29,
            "2018_registrations": 2599,
            "2018_population": 0.29
        },
        {
            "code": "CBD",
            "gender": "Male",
            "all_registrations": 3117,
            "all_population": 0.35,
            "2018_registrations": 3117,
            "2018_population": 0.35
        },
        {
            "code": "CBD",
            "gender": "Not Available",
            "all_registrations": 3289,
            "all_population": 0.36,
            "2018_registrations": 3289,
            "2018_population": 0.36
        },
        {
            "code": "CBD",
            "gender": "Other",
            "all_registrations": 10,
            "all_population": 0,
            "2018_registrations": 10,
            "2018_population": 0
        },
        {
            "code": "EDU",
            "gender": "Female",
            "all_registrations": 8248,
            "all_population": 0.38,
            "2018_registrations": 8248,
            "2018_population": 0.38
        },
        {
            "code": "EDU",
            "gender": "Male",
            "all_registrations": 6296,
            "all_population": 0.29,
            "2018_registrations": 6296,
            "2018_population": 0.29
        },
        {
            "code": "EDU",
            "gender": "Not Available",
            "all_registrations": 7188,
            "all_population": 0.33,
            "2018_registrations": 7188,
            "2018_population": 0.33
        },
        {
            "code": "EDU",
            "gender": "Other",
            "all_registrations": 55,
            "all_population": 0,
            "2018_registrations": 55,
            "2018_population": 0
        },
        {
            "code": "FMM",
            "gender": "Female",
            "all_registrations": 3790,
            "all_population": 0.29,
            "2018_registrations": 3790,
            "2018_population": 0.29
        },
        {
            "code": "FMM",
            "gender": "Male",
            "all_registrations": 5428,
            "all_population": 0.42,
            "2018_registrations": 5428,
            "2018_population": 0.42
        },
        {
            "code": "FMM",
            "gender": "Not Available",
            "all_registrations": 3663,
            "all_population": 0.28,
            "2018_registrations": 3663,
            "2018_population": 0.28
        },
        {
            "code": "FMM",
            "gender": "Other",
            "all_registrations": 24,
            "all_population": 0,
            "2018_registrations": 24,
            "2018_population": 0
        },
        {
            "code": "ICS",
            "gender": "Female",
            "all_registrations": 2646,
            "all_population": 0.32,
            "2018_registrations": 2646,
            "2018_population": 0.32
        },
        {
            "code": "ICS",
            "gender": "Male",
            "all_registrations": 3654,
            "all_population": 0.44,
            "2018_registrations": 3654,
            "2018_population": 0.44
        },
        {
            "code": "ICS",
            "gender": "Not Available",
            "all_registrations": 1964,
            "all_population": 0.24,
            "2018_registrations": 1964,
            "2018_population": 0.24
        },
        {
            "code": "ICS",
            "gender": "Other",
            "all_registrations": 15,
            "all_population": 0,
            "2018_registrations": 15,
            "2018_population": 0
        },
        {
            "code": "IFD",
            "gender": "Female",
            "all_registrations": 2890,
            "all_population": 0.26,
            "2018_registrations": 2890,
            "2018_population": 0.26
        },
        {
            "code": "IFD",
            "gender": "Male",
            "all_registrations": 4993,
            "all_population": 0.45,
            "2018_registrations": 4993,
            "2018_population": 0.45
        },
        {
            "code": "IFD",
            "gender": "Not Available",
            "all_registrations": 3240,
            "all_population": 0.29,
            "2018_registrations": 3240,
            "2018_population": 0.29
        },
        {
            "code": "IFD",
            "gender": "Other",
            "all_registrations": 15,
            "all_population": 0,
            "2018_registrations": 15,
            "2018_population": 0
        },
        {
            "code": "KLD",
            "gender": "Female",
            "all_registrations": 29090,
            "all_population": 0.3,
            "2018_registrations": 29090,
            "2018_population": 0.3
        },
        {
            "code": "KLD",
            "gender": "Male",
            "all_registrations": 38529,
            "all_population": 0.4,
            "2018_registrations": 38529,
            "2018_population": 0.4
        },
        {
            "code": "KLD",
            "gender": "Not Available",
            "all_registrations": 29744,
            "all_population": 0.3,
            "2018_registrations": 29744,
            "2018_population": 0.3
        },
        {
            "code": "KLD",
            "gender": "Other",
            "all_registrations": 168,
            "all_population": 0,
            "2018_registrations": 168,
            "2018_population": 0
        },
        {
            "code": "KNM",
            "gender": "Female",
            "all_registrations": 2173,
            "all_population": 0.41,
            "2018_registrations": 2173,
            "2018_population": 0.41
        },
        {
            "code": "KNM",
            "gender": "Male",
            "all_registrations": 1719,
            "all_population": 0.32,
            "2018_registrations": 1719,
            "2018_population": 0.32
        },
        {
            "code": "KNM",
            "gender": "Not Available",
            "all_registrations": 1438,
            "all_population": 0.27,
            "2018_registrations": 1438,
            "2018_population": 0.27
        },
        {
            "code": "KNM",
            "gender": "Other",
            "all_registrations": 12,
            "all_population": 0,
            "2018_registrations": 12,
            "2018_population": 0
        },
        {
            "code": "LMK",
            "gender": "Female",
            "all_registrations": 2173,
            "all_population": 0.41,
            "2018_registrations": 2173,
            "2018_population": 0.41
        },
        {
            "code": "LMK",
            "gender": "Male",
            "all_registrations": 1719,
            "all_population": 0.32,
            "2018_registrations": 1719,
            "2018_population": 0.32
        },
        {
            "code": "LMK",
            "gender": "Not Available",
            "all_registrations": 1438,
            "all_population": 0.27,
            "2018_registrations": 1438,
            "2018_population": 0.27
        },
        {
            "code": "LMK",
            "gender": "Other",
            "all_registrations": 12,
            "all_population": 0,
            "2018_registrations": 12,
            "2018_population": 0
        },
        {
            "code": "RND",
            "gender": "Female",
            "all_registrations": 2735,
            "all_population": 0.29,
            "2018_registrations": 2735,
            "2018_population": 0.29
        },
        {
            "code": "RND",
            "gender": "Male",
            "all_registrations": 4113,
            "all_population": 0.43,
            "2018_registrations": 4113,
            "2018_population": 0.43
        },
        {
            "code": "RND",
            "gender": "Not Available",
            "all_registrations": 2735,
            "all_population": 0.29,
            "2018_registrations": 2735,
            "2018_population": 0.29
        },
        {
            "code": "RND",
            "gender": "Other",
            "all_registrations": 12,
            "all_population": 0,
            "2018_registrations": 12,
            "2018_population": 0
        },
        {
            "code": "SPH",
            "gender": "Female",
            "all_registrations": 10865,
            "all_population": 0.46,
            "2018_registrations": 10865,
            "2018_population": 0.46
        },
        {
            "code": "SPH",
            "gender": "Male",
            "all_registrations": 3592,
            "all_population": 0.15,
            "2018_registrations": 3592,
            "2018_population": 0.15
        },
        {
            "code": "SPH",
            "gender": "Not Available",
            "all_registrations": 9371,
            "all_population": 0.39,
            "2018_registrations": 9371,
            "2018_population": 0.39
        },
        {
            "code": "SPH",
            "gender": "Other",
            "all_registrations": 40,
            "all_population": 0,
            "2018_registrations": 40,
            "2018_population": 0
        },
        {
            "code": "TSP",
            "gender": "Female",
            "all_registrations": 1254,
            "all_population": 0.24,
            "2018_registrations": 1254,
            "2018_population": 0.24
        },
        {
            "code": "TSP",
            "gender": "Male",
            "all_registrations": 2296,
            "all_population": 0.45,
            "2018_registrations": 2296,
            "2018_population": 0.45
        },
        {
            "code": "TSP",
            "gender": "Not Available",
            "all_registrations": 1589,
            "all_population": 0.31,
            "2018_registrations": 1589,
            "2018_population": 0.31
        },
        {
            "code": "TSP",
            "gender": "Other",
            "all_registrations": 3,
            "all_population": 0,
            "2018_registrations": 3,
            "2018_population": 0
        },
        {
            "code": "WSA",
            "gender": "Female",
            "all_registrations": 1650,
            "all_population": 0.33,
            "2018_registrations": 1650,
            "2018_population": 0.33
        },
        {
            "code": "WSA",
            "gender": "Male",
            "all_registrations": 1839,
            "all_population": 0.37,
            "2018_registrations": 1839,
            "2018_population": 0.37
        },
        {
            "code": "WSA",
            "gender": "Not Available",
            "all_registrations": 1487,
            "all_population": 0.3,
            "2018_registrations": 1487,
            "2018_population": 0.3
        },
        {
            "code": "WSA",
            "gender": "Other",
            "all_registrations": 6,
            "all_population": 0,
            "2018_registrations": 6,
            "2018_population": 0
        }
    ],
    "genderIDB": [{
            "Gender": "Female",
            "all_registrations": 70464,
            "all_population": 0.32,
            "2018_registrations": 90029,
            "2018_population": 0.32
        },
        {
            "Gender": "Male",
            "all_registrations": 81264,
            "all_population": 0.37,
            "2018_registrations": 101613,
            "2018_population": 0.37
        },
        {
            "Gender": "Not Available",
            "all_registrations": 68991,
            "all_population": 0.31,
            "2018_registrations": 85946,
            "2018_population": 0.31
        },
        {
            "Gender": "Other",
            "all_registrations": 375,
            "all_population": 0,
            "2018_registrations": 477,
            "2018_population": 0
        }
    ]
}}