{"moocsStudentsFlowArrays" : {
    "studentsFlowDepartments": [{
            "registrations": {
                "years": [{
                    "name": "2016",
                    "value": 7718
                }, {
                    "name": "2017",
                    "value": 4411
                }],
                "value": 12129
            },
            "participants": {
                "years": [{
                    "name": "2016",
                    "value": 5678
                }, {
                    "name": "2017",
                    "value": 2599
                }],
                "value": 8277
            },
            "completed": {
                "years": [{
                    "name": "2016",
                    "value": 1781
                }, {
                    "name": "2017",
                    "value": 542
                }],
                "value": 2323
            },
            "certified": {
                "years": [{
                    "name": "2016",
                    "value": 1421
                }, {
                    "name": "2017",
                    "value": 396
                }],
                "value": 1817
            },
            "code": "CID"
        },
        {
            "registrations": {
                "years": [{
                    "name": "2017",
                    "value": 16600
                }, {
                    "name": "2018",
                    "value": 9015
                }],
                "value": 25615
            },
            "participants": {
                "years": [{
                    "name": "2017",
                    "value": 7828
                }, {
                    "name": "2018",
                    "value": 3835
                }],
                "value": 11663
            },
            "completed": {
                "years": [{
                    "name": "2017",
                    "value": 2028
                }, {
                    "name": "2018",
                    "value": 690
                }],
                "value": 2718
            },
            "certified": {
                "years": [{
                    "name": "2017",
                    "value": 1211
                }, {
                    "name": "2018",
                    "value": 180
                }],
                "value": 1391
            },
            "code": "CSC"
        },
        {
            "registrations": {
                "years": [{
                    "name": "2016",
                    "value": 40854
                }, {
                    "name": "2017",
                    "value": 28323
                }, {
                    "name": "2018",
                    "value": 9595
                }],
                "value": 78772
            },
            "participants": {
                "years": [{
                    "name": "2016",
                    "value": 20523
                }, {
                    "name": "2017",
                    "value": 12140
                }, {
                    "name": "2018",
                    "value": 2680
                }],
                "value": 35343
            },
            "completed": {
                "years": [{
                    "name": "2016",
                    "value": 2901
                }, {
                    "name": "2017",
                    "value": 1542
                }, {
                    "name": "2018",
                    "value": 317
                }],
                "value": 4760
            },
            "certified": {
                "years": [{
                    "name": "2016",
                    "value": 1481
                }, {
                    "name": "2017",
                    "value": 866
                }, {
                    "name": "2018",
                    "value": 188
                }],
                "value": 2535
            },
            "code": "CSD"
        },
        {
            "registrations": {
                "years": [{
                    "name": "2016",
                    "value": 20177
                }, {
                    "name": "2017",
                    "value": 25293
                }, {
                    "name": "2018",
                    "value": 32322
                }],
                "value": 77792
            },
            "participants": {
                "years": [{
                    "name": "2016",
                    "value": 10747
                }, {
                    "name": "2017",
                    "value": 11926
                }, {
                    "name": "2018",
                    "value": 15502
                }],
                "value": 38175
            },
            "completed": {
                "years": [{
                    "name": "2016",
                    "value": 2328
                }, {
                    "name": "2017",
                    "value": 3263
                }, {
                    "name": "2018",
                    "value": 2002
                }],
                "value": 7593
            },
            "certified": {
                "years": [{
                    "name": "2016",
                    "value": 1142
                }, {
                    "name": "2017",
                    "value": 2115
                }, {
                    "name": "2018",
                    "value": 1221
                }],
                "value": 4478
            },
            "code": "IFD"
        },
        {
            "registrations": {
                "years": [{
                    "name": "2016",
                    "value": 6872
                }, {
                    "name": "2017",
                    "value": 12131
                }, {
                    "name": "2018",
                    "value": 10124
                }],
                "value": 29127
            },
            "participants": {
                "years": [{
                    "name": "2016",
                    "value": 3713
                }, {
                    "name": "2017",
                    "value": 6288
                }, {
                    "name": "2018",
                    "value": 5539
                }],
                "value": 15540
            },
            "completed": {
                "years": [{
                    "name": "2016",
                    "value": 426
                }, {
                    "name": "2017",
                    "value": 1291
                }, {
                    "name": "2018",
                    "value": 808
                }],
                "value": 2525
            },
            "certified": {
                "years": [{
                    "name": "2016",
                    "value": 138
                }, {
                    "name": "2017",
                    "value": 765
                }, {
                    "name": "2018",
                    "value": 402
                }],
                "value": 1305
            },
            "code": "INE"
        },
        {
            "registrations": {
                "years": [{
                    "name": "2016",
                    "value": 92376
                }, {
                    "name": "2017",
                    "value": 155860
                }, {
                    "name": "2018",
                    "value": 96792
                }],
                "value": 345028
            },
            "participants": {
                "years": [{
                    "name": "2016",
                    "value": 51228
                }, {
                    "name": "2017",
                    "value": 70129
                }, {
                    "name": "2018",
                    "value": 49854
                }],
                "value": 171211
            },
            "completed": {
                "years": [{
                    "name": "2016",
                    "value": 10866
                }, {
                    "name": "2017",
                    "value": 12743
                }, {
                    "name": "2018",
                    "value": 6107
                }],
                "value": 29716
            },
            "certified": {
                "years": [{
                    "name": "2016",
                    "value": 6061
                }, {
                    "name": "2017",
                    "value": 8723
                }, {
                    "name": "2018",
                    "value": 3295
                }],
                "value": 18079
            },
            "code": "KNL"
        },
        {
            "registrations": {
                "years": [{
                    "name": "2016",
                    "value": 22379
                }, {
                    "name": "2017",
                    "value": 64505
                }, {
                    "name": "2018",
                    "value": 50997
                }],
                "value": 137881
            },
            "participants": {
                "years": [{
                    "name": "2016",
                    "value": 11802
                }, {
                    "name": "2017",
                    "value": 30480
                }, {
                    "name": "2018",
                    "value": 21735
                }],
                "value": 64017
            },
            "completed": {
                "years": [{
                    "name": "2016",
                    "value": 2417
                }, {
                    "name": "2017",
                    "value": 5665
                }, {
                    "name": "2018",
                    "value": 2573
                }],
                "value": 10655
            },
            "certified": {
                "years": [{
                    "name": "2016",
                    "value": 1315
                }, {
                    "name": "2017",
                    "value": 3203
                }, {
                    "name": "2018",
                    "value": 1120
                }],
                "value": 5638
            },
            "code": "SCL"
        }
    ],
    "studentsFlowDivisions": [
        {
            "code": "CBD",
            "certified": {
                "years": [{
                    "name": "2016",
                    "value": 0
                }, {
                    "name": "2017",
                    "value": 564
                }, {
                    "name": "2018",
                    "value": 213
                }]
            },
            "registrations": {
                "years": [{
                    "name": "2016",
                    "value": 0
                }, {
                    "name": "2017",
                    "value": 8819
                }, {
                    "name": "2018",
                    "value": 9015
                }]
            },
            "participants": {
                "years": [{
                    "name": "2016",
                    "value": 0
                }, {
                    "name": "2017",
                    "value": 3784
                }, {
                    "name": "2018",
                    "value": 3872
                }]
            },
            "completed": {
                "years": [{
                    "name": "2016",
                    "value": 0
                }, {
                    "name": "2017",
                    "value": 872
                }, {
                    "name": "2018",
                    "value": 724
                }]
            }
        },
        {
            "code": "CBR",
            "certified": {
                "years": [{
                    "name": "2016",
                    "value": 0
                }, {
                    "name": "2017",
                    "value": 647
                }, {
                    "name": "2018",
                    "value": 0
                }]
            },
            "registrations": {
                "years": [{
                    "name": "2016",
                    "value": 0
                }, {
                    "name": "2017",
                    "value": 7781
                }, {
                    "name": "2018",
                    "value": 0
                }]
            },
            "participants": {
                "years": [{
                    "name": "2016",
                    "value": 0
                }, {
                    "name": "2017",
                    "value": 4047
                }, {
                    "name": "2018",
                    "value": 0
                }]
            },
            "completed": {
                "years": [{
                    "name": "2016",
                    "value": 0
                }, {
                    "name": "2017",
                    "value": 1156
                }, {
                    "name": "2018",
                    "value": 0
                }]
            }
        },
        {
            "code": "CHA",
            "certified": {
                "years": [{
                    "name": "2016",
                    "value": 1421
                }, {
                    "name": "2017",
                    "value": 396
                }, {
                    "name": "2018",
                    "value": 0
                }]
            },
            "registrations": {
                "years": [{
                    "name": "2016",
                    "value": 7718
                }, {
                    "name": "2017",
                    "value": 4411
                }, {
                    "name": "2018",
                    "value": 0
                }]
            },
            "participants": {
                "years": [{
                    "name": "2016",
                    "value": 5678
                }, {
                    "name": "2017",
                    "value": 2600
                }, {
                    "name": "2018",
                    "value": 0
                }]
            },
            "completed": {
                "years": [{
                    "name": "2016",
                    "value": 1781
                }, {
                    "name": "2017",
                    "value": 542
                }, {
                    "name": "2018",
                    "value": 0
                }]
            }
        },
        {
            "code": "EDU",
            "certified": {
                "years": [{
                    "name": "2016",
                    "value": 0
                }, {
                    "name": "2017",
                    "value": 366
                }, {
                    "name": "2018",
                    "value": 412
                }]
            },
            "registrations": {
                "years": [{
                    "name": "2016",
                    "value": 0
                }, {
                    "name": "2017",
                    "value": 15398
                }, {
                    "name": "2018",
                    "value": 21787
                }]
            },
            "participants": {
                "years": [{
                    "name": "2016",
                    "value": 0
                }, {
                    "name": "2017",
                    "value": 7254
                }, {
                    "name": "2018",
                    "value": 9445
                }]
            },
            "completed": {
                "years": [{
                    "name": "2016",
                    "value": 0
                }, {
                    "name": "2017",
                    "value": 751
                }, {
                    "name": "2018",
                    "value": 933
                }]
            }
        },
        {
            "code": "FMM",
            "certified": {
                "years": [{
                    "name": "2016",
                    "value": 567
                }, {
                    "name": "2017",
                    "value": 1348
                }, {
                    "name": "2018",
                    "value": 415
                }]
            },
            "registrations": {
                "years": [{
                    "name": "2016",
                    "value": 9040
                }, {
                    "name": "2017",
                    "value": 17727
                }, {
                    "name": "2018",
                    "value": 12905
                }]
            },
            "participants": {
                "years": [{
                    "name": "2016",
                    "value": 4838
                }, {
                    "name": "2017",
                    "value": 8431
                }, {
                    "name": "2018",
                    "value": 6141
                }]
            },
            "completed": {
                "years": [{
                    "name": "2016",
                    "value": 1126
                }, {
                    "name": "2017",
                    "value": 2206
                }, {
                    "name": "2018",
                    "value": 642
                }]
            }
        },
        {
            "code": "HUD",
            "certified": {
                "years": [{
                    "name": "2016",
                    "value": 924
                }, {
                    "name": "2017",
                    "value": 594
                }, {
                    "name": "2018",
                    "value": 0
                }]
            },
            "registrations": {
                "years": [{
                    "name": "2016",
                    "value": 26640
                }, {
                    "name": "2017",
                    "value": 19118
                }, {
                    "name": "2018",
                    "value": 0
                }]
            },
            "participants": {
                "years": [{
                    "name": "2016",
                    "value": 12961
                }, {
                    "name": "2017",
                    "value": 8022
                }, {
                    "name": "2018",
                    "value": 0
                }]
            },
            "completed": {
                "years": [{
                    "name": "2016",
                    "value": 1694
                }, {
                    "name": "2017",
                    "value": 1001
                }, {
                    "name": "2018",
                    "value": 0
                }]
            }
        },
        {
            "code": "ICS",
            "certified": {
                "years": [{
                    "name": "2016",
                    "value": 575
                }, {
                    "name": "2017",
                    "value": 767
                }, {
                    "name": "2018",
                    "value": 597
                }]
            },
            "registrations": {
                "years": [{
                    "name": "2016",
                    "value": 11137
                }, {
                    "name": "2017",
                    "value": 7566
                }, {
                    "name": "2018",
                    "value": 8279
                }]
            },
            "participants": {
                "years": [{
                    "name": "2016",
                    "value": 5909
                }, {
                    "name": "2017",
                    "value": 3500
                }, {
                    "name": "2018",
                    "value": 4131
                }]
            },
            "completed": {
                "years": [{
                    "name": "2016",
                    "value": 1202
                }, {
                    "name": "2017",
                    "value": 1057
                }, {
                    "name": "2018",
                    "value": 787
                }]
            }
        },
        {
            "code": "IFD",
            "certified": {
                "years": [{
                    "name": "2016",
                    "value": 0
                }, {
                    "name": "2017",
                    "value": 0
                }, {
                    "name": "2018",
                    "value": 280
                }]
            },
            "registrations": {
                "years": [{
                    "name": "2016",
                    "value": 0
                }, {
                    "name": "2017",
                    "value": 0
                }, {
                    "name": "2018",
                    "value": 11138
                }]
            },
            "participants": {
                "years": [{
                    "name": "2016",
                    "value": 0
                }, {
                    "name": "2017",
                    "value": 0
                }, {
                    "name": "2018",
                    "value": 5332
                }]
            },
            "completed": {
                "years": [{
                    "name": "2016",
                    "value": 0
                }, {
                    "name": "2017",
                    "value": 0
                }, {
                    "name": "2018",
                    "value": 669
                }]
            }
        },
        {
            "code": "KLD",
            "certified": {
                "years": [{
                    "name": "2016",
                    "value": 6062
                }, {
                    "name": "2017",
                    "value": 8448
                }, {
                    "name": "2018",
                    "value": 3356
                }]
            },
            "registrations": {
                "years": [{
                    "name": "2016",
                    "value": 92376
                }, {
                    "name": "2017",
                    "value": 148342
                }, {
                    "name": "2018",
                    "value": 97531
                }]
            },
            "participants": {
                "years": [{
                    "name": "2016",
                    "value": 51233
                }, {
                    "name": "2017",
                    "value": 66807
                }, {
                    "name": "2018",
                    "value": 49345
                }]
            },
            "completed": {
                "years": [{
                    "name": "2016",
                    "value": 10866
                }, {
                    "name": "2017",
                    "value": 12248
                }, {
                    "name": "2018",
                    "value": 6065
                }]
            }
        },
        {
            "code": "KNM",
            "certified": {
                "years": [{
                    "name": "2016",
                    "value": 0
                }, {
                    "name": "2017",
                    "value": 275
                }, {
                    "name": "2018",
                    "value": 112
                }]
            },
            "registrations": {
                "years": [{
                    "name": "2016",
                    "value": 0
                }, {
                    "name": "2017",
                    "value": 7518
                }, {
                    "name": "2018",
                    "value": 5342
                }]
            },
            "participants": {
                "years": [{
                    "name": "2016",
                    "value": 0
                }, {
                    "name": "2017",
                    "value": 3345
                }, {
                    "name": "2018",
                    "value": 2948
                }]
            },
            "completed": {
                "years": [{
                    "name": "2016",
                    "value": 0
                }, {
                    "name": "2017",
                    "value": 495
                }, {
                    "name": "2018",
                    "value": 288
                }]
            }
        },
        {
            "code": "LMK",
            "certified": {
                "years": [{
                    "name": "2016",
                    "value": 129
                }, {
                    "name": "2017",
                    "value": 347
                }, {
                    "name": "2018",
                    "value": 112
                }]
            },
            "registrations": {
                "years": [{
                    "name": "2016",
                    "value": 3269
                }, {
                    "name": "2017",
                    "value": 9166
                }, {
                    "name": "2018",
                    "value": 5342
                }]
            },
            "participants": {
                "years": [{
                    "name": "2016",
                    "value": 1598
                }, {
                    "name": "2017",
                    "value": 4119
                }, {
                    "name": "2018",
                    "value": 2948
                }]
            },
            "completed": {
                "years": [{
                    "name": "2016",
                    "value": 233
                }, {
                    "name": "2017",
                    "value": 629
                }, {
                    "name": "2018",
                    "value": 288
                }]
            }
        },
        {
            "code": "RND",
            "certified": {
                "years": [{
                    "name": "2016",
                    "value": 557
                }, {
                    "name": "2017",
                    "value": 272
                }, {
                    "name": "2018",
                    "value": 189
                }]
            },
            "registrations": {
                "years": [{
                    "name": "2016",
                    "value": 14214
                }, {
                    "name": "2017",
                    "value": 9205
                }, {
                    "name": "2018",
                    "value": 9595
                }]
            },
            "participants": {
                "years": [{
                    "name": "2016",
                    "value": 7563
                }, {
                    "name": "2017",
                    "value": 4120
                }, {
                    "name": "2018",
                    "value": 2684
                }]
            },
            "completed": {
                "years": [{
                    "name": "2016",
                    "value": 1207
                }, {
                    "name": "2017",
                    "value": 541
                }, {
                    "name": "2018",
                    "value": 317
                }]
            }
        },
        {
            "code": "SPH",
            "certified": {
                "years": [{
                    "name": "2016",
                    "value": 1186
                }, {
                    "name": "2017",
                    "value": 2490
                }, {
                    "name": "2018",
                    "value": 652
                }]
            },
            "registrations": {
                "years": [{
                    "name": "2016",
                    "value": 19110
                }, {
                    "name": "2017",
                    "value": 39941
                }, {
                    "name": "2018",
                    "value": 23868
                }]
            },
            "participants": {
                "years": [{
                    "name": "2016",
                    "value": 10204
                }, {
                    "name": "2017",
                    "value": 19116
                }, {
                    "name": "2018",
                    "value": 9422
                }]
            },
            "completed": {
                "years": [{
                    "name": "2016",
                    "value": 2184
                }, {
                    "name": "2017",
                    "value": 4285
                }, {
                    "name": "2018",
                    "value": 1430
                }]
            }
        },
        {
            "code": "TSP",
            "certified": {
                "years": [{
                    "name": "2016",
                    "value": 0
                }, {
                    "name": "2017",
                    "value": 583
                }, {
                    "name": "2018",
                    "value": 260
                }]
            },
            "registrations": {
                "years": [{
                    "name": "2016",
                    "value": 0
                }, {
                    "name": "2017",
                    "value": 5112
                }, {
                    "name": "2018",
                    "value": 5142
                }]
            }
        ,
        "participants": {
            "years": [{
                "name": "2016",
                "value": 0
            }, {
                "name": "2017",
                "value": 2802
            }, {
                "name": "2018",
                "value": 2946
            }]
        },
        "completed": {
            "years": [{
                "name": "2017",
                "value": 899
            }, {
                "name": "2018",
                "value": 417
            }]
        }
    }, {
        "code": "WSA",
        "certified": {
            "years": [{
                "name": "2016",
                "value": 138
            }, {
                "name": "2017",
                "value": 182
            }, {
                "name": "2018",
                "value": 171
            }]
        },
        "registrations": {
            "years": [{
                "name": "2016",
                "value": 6872
            }, {
                "name": "2017",
                "value": 7019
            }, {
                "name": "2018",
                "value": 4982
            }]
        },
        "participants": {
            "years": [{
                "name": "2016",
                "value": 3713
            }, {
                "name": "2017",
                "value": 3487
            }, {
                "name": "2018",
                "value": 2636
            }]
        },
        "completed": {
            "years": [{
                "name": "2017",
                "value": 392
            }, {
                "name": "2018",
                "value": 443
            }]
        }
    }],
    "studentsFlowIDB": {
        "registrations": {
            "years": [{
                "name": "2016",
                "value": 241057
            }, {
                "name": "2017",
                "value": 386099

            }, {
                "name": "2018",
                "value": 278065
            }],
            "value": 706344
        },
        "participants": {
            "years": [{
                "name": "2016",
                "value": 129829
            }, {
                "name": "2017",
                "value": 176355
            }, {
                "name": "2018",
                "value": 130093
            }],
            "value": 344226
        },
        "completed": {
            "years": [{
                "name": "2016",
                "value": 25665
            }, {
                "name": "2017",
                "value": 33341
            }, {
                "name": "2018",
                "value": 16760
            }],
            "value": 60290
        },
        "certified": {
            "years": [{
                "name": "2016",
                "value": 13649
            }, {
                "name": "2017",
                "value": 21051
            }, {
                "name": "2018",
                "value": 8737
            }],
            "value": 35243
        }
    }
}}