{
    "moocsTopArrays": {
        "departmentsAllTime": [{
                "code": "CSC",
                "name": "Gestão de Projetos de Desenvolvimento (2ed.)",
                "Rank": "1",
                "value": 9015
            },
            {
                "code": "CSD",
                "name": "AGRIMONITOR: Política agropecuaria, seguridad alimentaria y cambio climático (3ed.)",
                "Rank": "1",
                "value": 8233
            },
            {
                "code": "CSD",
                "name": "AGRIMONITOR: Agricultural Policy, Food Security and Climate Change - Experiences in the Caribbean (3ed.)",
                "Rank": "2",
                "value": 1362
            },
            {
                "code": "IFD",
                "name": "Administración pública y fiscal: cómo se gestiona un gobierno (1ed.)",
                "Rank": "1",
                "value": 12871
            },
            {
                "code": "IFD",
                "name": "Desafíos y oportunidades en la economía digital (2ed.)",
                "Rank": "2",
                "value": 9178
            },
            {
                "code": "IFD",
                "name": "Gestión por resultados para gobiernos subnacionales (5ed.)",
                "Rank": "3",
                "value": 8279
            },
            {
                "code": "IFD",
                "name": "Desafios e oportunidades na economia digital (1ed.)",
                "Rank": "4",
                "value": 1960
            },
            {
                "code": "IFD",
                "name": "Enseñanza temprana de matemáticas y ciencias (1ed.)",
                "Rank": "5",
                "value": 34
            },
            {
                "code": "INE",
                "name": "Seguridad Vial en América Latina y el Caribe: De la Teoría a la Acción (2ed.)",
                "Rank": "1",
                "value": 5142
            },
            {
                "code": "INE",
                "name": "Agua en América Latina: Abundancia en medio de la escasez mundial (4ed.)",
                "Rank": "2",
                "value": 4982
            },
            {
                "code": "KNL",
                "name": "Gestión de Proyectos de Desarrollo (7ed.)",
                "Rank": "1",
                "value": 43771
            },
            {
                "code": "KNL",
                "name": "Project Management Techniques for Development Professionals (4ed.)",
                "Rank": "2",
                "value": 14245
            },
            {
                "code": "KNL",
                "name": "Datos para la Efectividad de Políticas Públicas (6ed.)",
                "Rank": "3",
                "value": 12239
            },
            {
                "code": "KNL",
                "name": "Gestão de Projetos de Desenvolvimento (2ed.)",
                "Rank": "4",
                "value": 9015
            },
            {
                "code": "KNL",
                "name": "Gestion de projets de développement (3ed.)",
                "Rank": "5",
                "value": 7793
            },
            {
                "code": "SCL",
                "name": "La realidad del desarollo social latinoamericano (2ed.)",
                "Rank": "1",
                "value": 16026
            },
            {
                "code": "SCL",
                "name": "Políticas efectivas de desarrollo infantil (5ed.)",
                "Rank": "2",
                "value": 9773
            },
            {
                "code": "SCL",
                "name": "Políticas efectivas de desarrollo infantil (4ed.)",
                "Rank": "3",
                "value": 8753
            },
            {
                "code": "SCL",
                "name": "Educación sobre el Cambio Climático (2ed.)",
                "Rank": "4",
                "value": 8583
            },
            {
                "code": "SCL",
                "name": "¿Qué funciona en educación?: Políticas educativas basadas en evidencia (1ed.)",
                "Rank": "5",
                "value": 4944
            }
        ],
        "departments2018": [{
                "code": "CSC",
                "name": "Gestão de Projetos de Desenvolvimento (2ed.)",
                "Rank": 1,
                "value": 9015
            },
            {
                "code": "CSD",
                "name": "AGRIMONITOR: Política agropecuaria, seguridad alimentaria y cambio climático (3ed.)",
                "Rank": 1,
                "value": 8233
            },
            {
                "code": "CSD",
                "name": "AGRIMONITOR: Agricultural Policy, Food Security and Climate Change - Experiences in the Caribbean (3ed.)",
                "Rank": 2,
                "value": 1362
            },
            {
                "code": "IFD",
                "name": "Administración pública y fiscal: cómo se gestiona un gobierno (1ed.)",
                "Rank": 1,
                "value": 12871
            },
            {
                "code": "IFD",
                "name": "Desafíos y oportunidades en la economía digital (2ed.)",
                "Rank": 2,
                "value": 9178
            },
            {
                "code": "IFD",
                "name": "Gestión por resultados para gobiernos subnacionales (5ed.)",
                "Rank": 3,
                "value": 8279
            },
            {
                "code": "IFD",
                "name": "Desafios e oportunidades na economia digital (1ed.)",
                "Rank": 4,
                "value": 1960
            },
            {
                "code": "IFD",
                "name": "Enseñanza temprana de matemáticas y ciencias (1ed.)",
                "Rank": 5,
                "value": 34
            },
            {
                "code": "INE",
                "name": "Seguridad Vial en América Latina y el Caribe: De la Teoría a la Acción (2ed.)",
                "Rank": 1,
                "value": 5142
            },
            {
                "code": "INE",
                "name": "Agua en América Latina: Abundancia en medio de la escasez mundial (4ed.)",
                "Rank": 2,
                "value": 4982
            },
            {
                "code": "KNL",
                "name": "Gestión de Proyectos de Desarrollo (7ed.)",
                "Rank": 1,
                "value": 43771
            },
            {
                "code": "KNL",
                "name": "Project Management Techniques for Development Professionals (4ed.)",
                "Rank": 2,
                "value": 14245
            },
            {
                "code": "KNL",
                "name": "Datos para la Efectividad de Políticas Públicas (6ed.)",
                "Rank": 3,
                "value": 12239
            },
            {
                "code": "KNL",
                "name": "Gestão de Projetos de Desenvolvimento (2ed.)",
                "Rank": 4,
                "value": 9015
            },
            {
                "code": "KNL",
                "name": "Gestion de projets de développement (3ed.)",
                "Rank": 5,
                "value": 7793
            },
            {
                "code": "SCL",
                "name": "La realidad del desarollo social latinoamericano (2ed.)",
                "Rank": 1,
                "value": 16026
            },
            {
                "code": "SCL",
                "name": "Políticas efectivas de desarrollo infantil (5ed.)",
                "Rank": 2,
                "value": 9773
            },
            {
                "code": "SCL",
                "name": "Políticas efectivas de desarrollo infantil (4ed.)",
                "Rank": 3,
                "value": 8753
            },
            {
                "code": "SCL",
                "name": "Educación sobre el Cambio Climático (2ed.)",
                "Rank": 4,
                "value": 8583
            },
            {
                "code": "SCL",
                "name": "¿Qué funciona en educación?: Políticas educativas basadas en evidencia (1ed.)",
                "Rank": 5,
                "value": 4944
            }
        ],
        "divisionsAlltime": [{
                "code": "CBD",
                "name": "Gestão de Projetos de Desenvolvimento (2ed.)",
                "Rank": "1",
                "value": 9015
            },
            {
                "code": "EDU",
                "name": "Educación sobre el Cambio Climático (2ed.)",
                "Rank": "1",
                "value": 8583
            },
            {
                "code": "EDU",
                "name": "La realidad del desarollo social latinoamericano (2ed.)",
                "Rank": "2",
                "value": 5342
            },
            {
                "code": "EDU",
                "name": "¿Qué funciona en educación?: Políticas educativas basadas en evidencia (1ed.)",
                "Rank": "3",
                "value": 4944
            },
            {
                "code": "EDU",
                "name": "Climate Change Education (2ed.)",
                "Rank": "4",
                "value": 2918
            },
            {
                "code": "FHL",
                "name": "Datos para la Efectividad de Políticas Públicas (6ed.)",
                "Rank": "1",
                "value": 12239
            },
            {
                "code": "FHL",
                "name": "Data for Effective Policy Making (2ed.)",
                "Rank": "2",
                "value": 4387
            },
            {
                "code": "FMM",
                "name": "Administración pública y fiscal: cómo se gestiona un gobierno (1ed.)",
                "Rank": "1",
                "value": 12871
            },
            {
                "code": "FMM",
                "name": "Enseñanza temprana de matemáticas y ciencias (1ed.)",
                "Rank": "2",
                "value": 34
            },
            {
                "code": "ICS",
                "name": "Gestión por resultados para gobiernos subnacionales (5ed.)",
                "Rank": "1",
                "value": 8279
            },
            {
                "code": "IFD",
                "name": "Desafíos y oportunidades en la economía digital (2ed.)",
                "Rank": "1",
                "value": 9178
            },
            {
                "code": "IFD",
                "name": "Desafios e oportunidades na economia digital (1ed.)",
                "Rank": "2",
                "value": 1960
            },
            {
                "code": "KNM",
                "name": "La realidad del desarollo social latinoamericano (2ed.)",
                "Rank": "1",
                "value": 5342
            },
            {
                "code": "LMK",
                "name": "La realidad del desarollo social latinoamericano (2ed.)",
                "Rank": "1",
                "value": 5342
            },
            {
                "code": "RND",
                "name": "AGRIMONITOR: Política agropecuaria, seguridad alimentaria y cambio climático (3ed.)",
                "Rank": "1",
                "value": 8233
            },
            {
                "code": "RND",
                "name": "AGRIMONITOR: Agricultural Policy, Food Security and Climate Change - Experiences in the Caribbean (3ed.)",
                "Rank": "2",
                "value": 1362
            },
            {
                "code": "SDI",
                "name": "Gestión de Proyectos de Desarrollo (7ed.)",
                "Rank": "1",
                "value": 43771
            },
            {
                "code": "SDI",
                "name": "Project Management Techniques for Development Professionals (4ed.)",
                "Rank": "2",
                "value": 14245
            },
            {
                "code": "SDI",
                "name": "Gestão de Projetos de Desenvolvimento (2ed.)",
                "Rank": "3",
                "value": 9015
            },
            {
                "code": "SDI",
                "name": "Gestion de projets de développement (3ed.)",
                "Rank": "4",
                "value": 7793
            },
            {
                "code": "SPH",
                "name": "Políticas efectivas de desarrollo infantil (5ed.)",
                "Rank": "1",
                "value": 9773
            },
            {
                "code": "SPH",
                "name": "Políticas efectivas de desarrollo infantil (4ed.)",
                "Rank": "2",
                "value": 8753
            },
            {
                "code": "SPH",
                "name": "La realidad del desarollo social latinoamericano (2ed.)",
                "Rank": "3",
                "value": 5342
            },
            {
                "code": "TSP",
                "name": "Seguridad Vial en América Latina y el Caribe: De la Teoría a la Acción (2ed.)",
                "Rank": "1",
                "value": 5142
            },
            {
                "code": "WSA",
                "name": "Agua en América Latina: Abundancia en medio de la escasez mundial (4ed.)",
                "Rank": "1",
                "value": 4982
            }
        ],
        "divisions2018": [{
                "code": "CBD",
                "name": "Gestão de Projetos de Desenvolvimento (2ed.)",
                "Rank": 1,
                "value": 9015
            },
            {
                "code": "EDU",
                "name": "Educación sobre el Cambio Climático (2ed.)",
                "Rank": 1,
                "value": 8583
            },
            {
                "code": "EDU",
                "name": "La realidad del desarollo social latinoamericano (2ed.)",
                "Rank": 2,
                "value": 5342
            },
            {
                "code": "EDU",
                "name": "¿Qué funciona en educación?: Políticas educativas basadas en evidencia (1ed.)",
                "Rank": 3,
                "value": 4944
            },
            {
                "code": "EDU",
                "name": "Climate Change Education (2ed.)",
                "Rank": 4,
                "value": 2918
            },
            {
                "code": "FHL",
                "name": "Datos para la Efectividad de Políticas Públicas (6ed.)",
                "Rank": 1,
                "value": 12239
            },
            {
                "code": "FHL",
                "name": "Data for Effective Policy Making (2ed.)",
                "Rank": 2,
                "value": 4387
            },
            {
                "code": "FMM",
                "name": "Administración pública y fiscal: cómo se gestiona un gobierno (1ed.)",
                "Rank": 1,
                "value": 12871
            },
            {
                "code": "FMM",
                "name": "Enseñanza temprana de matemáticas y ciencias (1ed.)",
                "Rank": 2,
                "value": 34
            },
            {
                "code": "ICS",
                "name": "Gestión por resultados para gobiernos subnacionales (5ed.)",
                "Rank": 1,
                "value": 8279
            },
            {
                "code": "IFD",
                "name": "Desafíos y oportunidades en la economía digital (2ed.)",
                "Rank": 1,
                "value": 9178
            },
            {
                "code": "IFD",
                "name": "Desafios e oportunidades na economia digital (1ed.)",
                "Rank": 2,
                "value": 1960
            },
            {
                "code": "KNM",
                "name": "La realidad del desarollo social latinoamericano (2ed.)",
                "Rank": 1,
                "value": 5342
            },
            {
                "code": "LMK",
                "name": "La realidad del desarollo social latinoamericano (2ed.)",
                "Rank": 1,
                "value": 5342
            },
            {
                "code": "RND",
                "name": "AGRIMONITOR: Política agropecuaria, seguridad alimentaria y cambio climático (3ed.)",
                "Rank": 1,
                "value": 8233
            },
            {
                "code": "RND",
                "name": "AGRIMONITOR: Agricultural Policy, Food Security and Climate Change - Experiences in the Caribbean (3ed.)",
                "Rank": 2,
                "value": 1362
            },
            {
                "code": "SDI",
                "name": "Gestión de Proyectos de Desarrollo (7ed.)",
                "Rank": 1,
                "value": 43771
            },
            {
                "code": "SDI",
                "name": "Project Management Techniques for Development Professionals (4ed.)",
                "Rank": 2,
                "value": 14245
            },
            {
                "code": "SDI",
                "name": "Gestão de Projetos de Desenvolvimento (2ed.)",
                "Rank": 3,
                "value": 9015
            },
            {
                "code": "SDI",
                "name": "Gestion de projets de développement (3ed.)",
                "Rank": 4,
                "value": 7793
            },
            {
                "code": "SPH",
                "name": "Políticas efectivas de desarrollo infantil (5ed.)",
                "Rank": 1,
                "value": 9773
            },
            {
                "code": "SPH",
                "name": "Políticas efectivas de desarrollo infantil (4ed.)",
                "Rank": 2,
                "value": 8753
            },
            {
                "code": "SPH",
                "name": "La realidad del desarollo social latinoamericano (2ed.)",
                "Rank": 3,
                "value": 5342
            },
            {
                "code": "TSP",
                "name": "Seguridad Vial en América Latina y el Caribe: De la Teoría a la Acción (2ed.)",
                "Rank": 1,
                "value": 5142
            },
            {
                "code": "WSA",
                "name": "Agua en América Latina: Abundancia en medio de la escasez mundial (4ed.)",
                "Rank": 1,
                "value": 4982
            }
        ],
        "IDB2018": [{
                "name": "Gestión de Proyectos de Desarrollo (7ed.)",
                "value": 43771
            },
            {
                "name": "La realidad del desarollo social latinoamericano (2ed.)",
                "value": 26710
            },
            {
                "name": "Desafíos y oportunidades en la economía digital (2ed.)",
                "value": 18356
            },
            {
                "name": "Gestão de Projetos de Desenvolvimento (2ed.)",
                "value": 18030
            },
            {
                "name": "Project Management Techniques for Development Professionals (4ed.)",
                "value": 14245
            }
        ],
        "IDBAlltime": [{
                "name": "Gestión de Proyectos de Desarrollo (1ed.)",
                "value": 43771
            },
            {
                "name": "Gestión de Proyectos de Desarrollo (7ed.)",
                "value": 45481
            },
            {
                "name": "Gestión de Proyectos de Desarrollo (2ed.)",
                "value": 44009
            },
            {
                "name": "Gestión de Proyectos de Desarrollo (5ed.)",
                "value": 39209
            },
            {
                "name": "Gestión de Proyectos Sociales para ONGs y Organizaciones de la Sociedad Civil (1ed.)",
                "value": 38071
            }
        ]
    }
}