{
	"publicationsIndicators": {
		"indicatorsDepartmentsAllTheTime": [
			{
				"departmentCode": "AUG",
				"publications": 1,
				"percentagePublications": 0,
				"downloads": 141,
				"percentageDownloads": 0,
				"LAC": 32,
				"percentageLAC": 22.7
			},
			{
				"departmentCode": "BOG",
				"publications": 4,
				"percentagePublications": 0,
				"downloads": 1085,
				"percentageDownloads": 0,
				"LAC": 172,
				"percentageLAC": 15.9
			},
			{
				"departmentCode": "CAN",
				"publications": 67,
				"percentagePublications": 0.7,
				"downloads": 180548,
				"percentageDownloads": 1.3,
				"LAC": 136425,
				"percentageLAC": 75.6
			},
			{
				"departmentCode": "CCB",
				"publications": 153,
				"percentagePublications": 1.5,
				"downloads": 236840,
				"percentageDownloads": 1.7,
				"LAC": 106524,
				"percentageLAC": 45
			},
			{
				"departmentCode": "CID",
				"publications": 104,
				"percentagePublications": 1,
				"downloads": 142861,
				"percentageDownloads": 1,
				"LAC": 93962,
				"percentageLAC": 65.8
			},
			{
				"departmentCode": "CSC",
				"publications": 54,
				"percentagePublications": 0.5,
				"downloads": 38631,
				"percentageDownloads": 0.3,
				"LAC": 26268,
				"percentageLAC": 68
			},
			{
				"departmentCode": "CSD",
				"publications": 249,
				"percentagePublications": 2.4,
				"downloads": 558966,
				"percentageDownloads": 4.1,
				"LAC": 384720,
				"percentageLAC": 68.8
			},
			{
				"departmentCode": "Discontinued Departments",
				"publications": 2252,
				"percentagePublications": 22,
				"downloads": 1454697,
				"percentageDownloads": 10.6,
				"LAC": 792528,
				"percentageLAC": 54.5
			},
			{
				"departmentCode": "ESG",
				"publications": 171,
				"percentagePublications": 1.7,
				"downloads": 203548,
				"percentageDownloads": 1.5,
				"LAC": 93591,
				"percentageLAC": 46
			},
			{
				"departmentCode": "FMP",
				"publications": 10,
				"percentagePublications": 0.1,
				"downloads": 10229,
				"percentageDownloads": 0.1,
				"LAC": 4575,
				"percentageLAC": 44.7
			},
			{
				"departmentCode": "HRD",
				"publications": 2,
				"percentagePublications": 0,
				"downloads": 164,
				"percentageDownloads": 0,
				"LAC": 53,
				"percentageLAC": 32.3
			},
			{
				"departmentCode": "IFD",
				"publications": 983,
				"percentagePublications": 9.6,
				"downloads": 2093541,
				"percentageDownloads": 15.3,
				"LAC": 1331387,
				"percentageLAC": 63.6
			},
			{
				"departmentCode": "INE",
				"publications": 555,
				"percentagePublications": 5.4,
				"downloads": 1378205,
				"percentageDownloads": 10,
				"LAC": 973777,
				"percentageLAC": 70.7
			},
			{
				"departmentCode": "INT",
				"publications": 1122,
				"percentagePublications": 11,
				"downloads": 1029695,
				"percentageDownloads": 7.5,
				"LAC": 607540,
				"percentageLAC": 59
			},
			{
				"departmentCode": "ITE",
				"publications": 3,
				"percentagePublications": 0,
				"downloads": 7936,
				"percentageDownloads": 0.1,
				"LAC": 5781,
				"percentageLAC": 72.8
			},
			{
				"departmentCode": "KIC",
				"publications": 451,
				"percentagePublications": 4.4,
				"downloads": 1400816,
				"percentageDownloads": 10.2,
				"LAC": 1000381,
				"percentageLAC": 71.4
			},
			{
				"departmentCode": "MICI",
				"publications": 12,
				"percentagePublications": 0.1,
				"downloads": 3919,
				"percentageDownloads": 0,
				"LAC": 606,
				"percentageLAC": 15.5
			},
			{
				"departmentCode": "MIF",
				"publications": 1084,
				"percentagePublications": 10.6,
				"downloads": 366180,
				"percentageDownloads": 2.7,
				"LAC": 175405,
				"percentageLAC": 47.9
			},
			{
				"departmentCode": "OII",
				"publications": 26,
				"percentagePublications": 0.3,
				"downloads": 5169,
				"percentageDownloads": 0,
				"LAC": 829,
				"percentageLAC": 16
			},
			{
				"departmentCode": "ORP",
				"publications": 37,
				"percentagePublications": 0.4,
				"downloads": 41420,
				"percentageDownloads": 0.3,
				"LAC": 16640,
				"percentageLAC": 40.2
			},
			{
				"departmentCode": "OVE",
				"publications": 733,
				"percentagePublications": 7.2,
				"downloads": 466022,
				"percentageDownloads": 3.4,
				"LAC": 201575,
				"percentageLAC": 43.3
			},
			{
				"departmentCode": "PRE",
				"publications": 8,
				"percentagePublications": 0.1,
				"downloads": 8246,
				"percentageDownloads": 0.1,
				"LAC": 2896,
				"percentageLAC": 35.1
			},
			{
				"departmentCode": "RES",
				"publications": 1288,
				"percentagePublications": 12.6,
				"downloads": 1501523,
				"percentageDownloads": 10.9,
				"LAC": 704984,
				"percentageLAC": 47
			},
			{
				"departmentCode": "RMG",
				"publications": 1,
				"percentagePublications": 0,
				"downloads": 147,
				"percentageDownloads": 0,
				"LAC": 9,
				"percentageLAC": 6.1
			},
			{
				"departmentCode": "SCL",
				"publications": 817,
				"percentagePublications": 8,
				"downloads": 2181292,
				"percentageDownloads": 15.9,
				"LAC": 1542743,
				"percentageLAC": 70.7
			},
			{
				"departmentCode": "SEC",
				"publications": 31,
				"percentagePublications": 0.3,
				"downloads": 8217,
				"percentageDownloads": 0.1,
				"LAC": 3469,
				"percentageLAC": 42.2
			},
			{
				"departmentCode": "SPD",
				"publications": 152,
				"percentagePublications": 1.5,
				"downloads": 244712,
				"percentageDownloads": 1.8,
				"LAC": 106767,
				"percentageLAC": 43.6
			},
			{
				"departmentCode": "Strategic Core",
				"publications": 1,
				"percentagePublications": 0,
				"downloads": 19721,
				"percentageDownloads": 0.1,
				"LAC": 16370,
				"percentageLAC": 83
			},
			{
				"departmentCode": "VPC",
				"publications": 31,
				"percentagePublications": 0.3,
				"downloads": 33446,
				"percentageDownloads": 0.2,
				"LAC": 23990,
				"percentageLAC": 71.7
			},
			{
				"departmentCode": "VPS",
				"publications": 24,
				"percentagePublications": 0.2,
				"downloads": 97629,
				"percentageDownloads": 0.7,
				"LAC": 73225,
				"percentageLAC": 75
			}
		],
		"indicatorsDepartments2018": [
			{
				"departmentCode": "AUG",
				"publications": 0,
				"percentagePublications": 0,
				"downloads": 0,
				"percentageDownloads": 0,
				"LAC": 0,
				"percentageLAC": 0
			},
			{
				"departmentCode": "BOG",
				"publications": 0,
				"percentagePublications": 0,
				"downloads": 0,
				"percentageDownloads": 0,
				"LAC": 0,
				"percentageLAC": 0
			},
			{
				"departmentCode": "CAN",
				"publications": 16,
				"percentagePublications": 3,
				"downloads": 33609,
				"percentageDownloads": 3.2,
				"LAC": 25888,
				"percentageLAC": 77
			},
			{
				"departmentCode": "CCB",
				"publications": 32,
				"percentagePublications": 6.1,
				"downloads": 12777,
				"percentageDownloads": 1.2,
				"LAC": 5787,
				"percentageLAC": 45.3
			},
			{
				"departmentCode": "CID",
				"publications": 22,
				"percentagePublications": 4.2,
				"downloads": 17747,
				"percentageDownloads": 1.7,
				"LAC": 14078,
				"percentageLAC": 79.3
			},
			{
				"departmentCode": "CSC",
				"publications": 13,
				"percentagePublications": 2.5,
				"downloads": 3010,
				"percentageDownloads": 0.3,
				"LAC": 1425,
				"percentageLAC": 47.3
			},
			{
				"departmentCode": "CSD",
				"publications": 49,
				"percentagePublications": 9.3,
				"downloads": 74074,
				"percentageDownloads": 7.1,
				"LAC": 59662,
				"percentageLAC": 80.5
			},
			{
				"departmentCode": "Discontinued Departments",
				"publications": 7,
				"percentagePublications": 1.3,
				"downloads": 5583,
				"percentageDownloads": 0.5,
				"LAC": 2714,
				"percentageLAC": 48.6
			},
			{
				"departmentCode": "ESG",
				"publications": 5,
				"percentagePublications": 1,
				"downloads": 21973,
				"percentageDownloads": 2.1,
				"LAC": 19055,
				"percentageLAC": 86.7
			},
			{
				"departmentCode": "FMP",
				"publications": 2,
				"percentagePublications": 0.4,
				"downloads": 207,
				"percentageDownloads": 0,
				"LAC": 75,
				"percentageLAC": 36.2
			},
			{
				"departmentCode": "HRD",
				"publications": 0,
				"percentagePublications": 0,
				"downloads": 0,
				"percentageDownloads": 0,
				"LAC": 0,
				"percentageLAC": 0
			},
			{
				"departmentCode": "IFD",
				"publications": 98,
				"percentagePublications": 18.7,
				"downloads": 151007,
				"percentageDownloads": 14.5,
				"LAC": 112298,
				"percentageLAC": 74.4
			},
			{
				"departmentCode": "INE",
				"publications": 66,
				"percentagePublications": 12.6,
				"downloads": 93222,
				"percentageDownloads": 8.9,
				"LAC": 77386,
				"percentageLAC": 83
			},
			{
				"departmentCode": "INT",
				"publications": 42,
				"percentagePublications": 8,
				"downloads": 120368,
				"percentageDownloads": 11.5,
				"LAC": 98369,
				"percentageLAC": 81.7
			},
			{
				"departmentCode": "ITE",
				"publications": 2,
				"percentagePublications": 0.4,
				"downloads": 7791,
				"percentageDownloads": 0.7,
				"LAC": 5768,
				"percentageLAC": 74
			},
			{
				"departmentCode": "KIC",
				"publications": 10,
				"percentagePublications": 1.9,
				"downloads": 81297,
				"percentageDownloads": 7.8,
				"LAC": 45770,
				"percentageLAC": 56.3
			},
			{
				"departmentCode": "MICI",
				"publications": 0,
				"percentagePublications": 0,
				"downloads": 0,
				"percentageDownloads": 0,
				"LAC": 0,
				"percentageLAC": 0
			},
			{
				"departmentCode": "MIF",
				"publications": 13,
				"percentagePublications": 2.5,
				"downloads": 3929,
				"percentageDownloads": 0.4,
				"LAC": 1628,
				"percentageLAC": 41.4
			},
			{
				"departmentCode": "OII",
				"publications": 0,
				"percentagePublications": 0,
				"downloads": 0,
				"percentageDownloads": 0,
				"LAC": 0,
				"percentageLAC": 0
			},
			{
				"departmentCode": "ORP",
				"publications": 1,
				"percentagePublications": 0.2,
				"downloads": 2672,
				"percentageDownloads": 0.3,
				"LAC": 1618,
				"percentageLAC": 60.6
			},
			{
				"departmentCode": "OVE",
				"publications": 30,
				"percentagePublications": 5.7,
				"downloads": 13879,
				"percentageDownloads": 1.3,
				"LAC": 9323,
				"percentageLAC": 67.2
			},
			{
				"departmentCode": "PRE",
				"publications": 0,
				"percentagePublications": 0,
				"downloads": 0,
				"percentageDownloads": 0,
				"LAC": 0,
				"percentageLAC": 0
			},
			{
				"departmentCode": "RES",
				"publications": 34,
				"percentagePublications": 6.5,
				"downloads": 79095,
				"percentageDownloads": 7.6,
				"LAC": 58999,
				"percentageLAC": 74.6
			},
			{
				"departmentCode": "RMG",
				"publications": 0,
				"percentagePublications": 0,
				"downloads": 0,
				"percentageDownloads": 0,
				"LAC": 0,
				"percentageLAC": 0
			},
			{
				"departmentCode": "SCL",
				"publications": 74,
				"percentagePublications": 14.1,
				"downloads": 242419,
				"percentageDownloads": 23.2,
				"LAC": 202383,
				"percentageLAC": 83.5
			},
			{
				"departmentCode": "SEC",
				"publications": 0,
				"percentagePublications": 0,
				"downloads": 0,
				"percentageDownloads": 0,
				"LAC": 0,
				"percentageLAC": 0
			},
			{
				"departmentCode": "SPD",
				"publications": 29,
				"percentagePublications": 5.5,
				"downloads": 23325,
				"percentageDownloads": 2.2,
				"LAC": 13801,
				"percentageLAC": 59.2
			},
			{
				"departmentCode": "Strategic Core",
				"publications": 0,
				"percentagePublications": 0,
				"downloads": 0,
				"percentageDownloads": 0,
				"LAC": 0,
				"percentageLAC": 0
			},
			{
				"departmentCode": "VPC",
				"publications": 4,
				"percentagePublications": 0.8,
				"downloads": 1274,
				"percentageDownloads": 0.1,
				"LAC": 769,
				"percentageLAC": 60.4
			},
			{
				"departmentCode": "VPS",
				"publications": 9,
				"percentagePublications": 1.7,
				"downloads": 47489,
				"percentageDownloads": 4.6,
				"LAC": 38866,
				"percentageLAC": 81.8
			}
		],
		"indicatorsDivisionsAllTheTime": [
			{
				"divisionCode": "ATI",
				"publications": 4,
				"percentagePublications": 0.04,
				"downloads": 4359,
				"percentageDownloads": 0.03,
				"LAC": 2040,
				"percentageLAC": 46.8
			},
			{
				"divisionCode": "AUG",
				"publications": 1,
				"percentagePublications": 0.01,
				"downloads": 141,
				"percentageDownloads": 0,
				"LAC": 32,
				"percentageLAC": 22.7
			},
			{
				"divisionCode": "BOG",
				"publications": 4,
				"percentagePublications": 0.04,
				"downloads": 1085,
				"percentageDownloads": 0.01,
				"LAC": 172,
				"percentageLAC": 15.85
			},
			{
				"divisionCode": "CAN",
				"publications": 58,
				"percentagePublications": 0.57,
				"downloads": 165270,
				"percentageDownloads": 1.2,
				"LAC": 125294,
				"percentageLAC": 75.81
			},
			{
				"divisionCode": "CAR",
				"publications": 1,
				"percentagePublications": 0.01,
				"downloads": 2232,
				"percentageDownloads": 0.02,
				"LAC": 1663,
				"percentageLAC": 74.51
			},
			{
				"divisionCode": "CBH",
				"publications": 1,
				"percentagePublications": 0.01,
				"downloads": 315,
				"percentageDownloads": 0,
				"LAC": 42,
				"percentageLAC": 13.33
			},
			{
				"divisionCode": "CBL",
				"publications": 3,
				"percentagePublications": 0.03,
				"downloads": 3760,
				"percentageDownloads": 0.03,
				"LAC": 937,
				"percentageLAC": 24.92
			},
			{
				"divisionCode": "CBO",
				"publications": 2,
				"percentagePublications": 0.02,
				"downloads": 507,
				"percentageDownloads": 0,
				"LAC": 246,
				"percentageLAC": 48.52
			},
			{
				"divisionCode": "CBR",
				"publications": 1,
				"percentagePublications": 0.01,
				"downloads": 206,
				"percentageDownloads": 0,
				"LAC": 89,
				"percentageLAC": 43.2
			},
			{
				"divisionCode": "CCB",
				"publications": 149,
				"percentagePublications": 1.46,
				"downloads": 234439,
				"percentageDownloads": 1.71,
				"LAC": 106184,
				"percentageLAC": 45.29
			},
			{
				"divisionCode": "CCH",
				"publications": 18,
				"percentagePublications": 0.18,
				"downloads": 3877,
				"percentageDownloads": 0.03,
				"LAC": 2002,
				"percentageLAC": 51.64
			},
			{
				"divisionCode": "CCO",
				"publications": 2,
				"percentagePublications": 0.02,
				"downloads": 1407,
				"percentageDownloads": 0.01,
				"LAC": 379,
				"percentageLAC": 26.94
			},
			{
				"divisionCode": "CCS",
				"publications": 44,
				"percentagePublications": 0.43,
				"downloads": 67296,
				"percentageDownloads": 0.49,
				"LAC": 40080,
				"percentageLAC": 59.56
			},
			{
				"divisionCode": "CDR",
				"publications": 3,
				"percentagePublications": 0.03,
				"downloads": 5826,
				"percentageDownloads": 0.04,
				"LAC": 4547,
				"percentageLAC": 78.05
			},
			{
				"divisionCode": "CGY",
				"publications": 1,
				"percentagePublications": 0.01,
				"downloads": 868,
				"percentageDownloads": 0.01,
				"LAC": 98,
				"percentageLAC": 11.29
			},
			{
				"divisionCode": "CHO",
				"publications": 1,
				"percentagePublications": 0.01,
				"downloads": 1102,
				"percentageDownloads": 0.01,
				"LAC": 892,
				"percentageLAC": 80.94
			},
			{
				"divisionCode": "CID",
				"publications": 90,
				"percentagePublications": 0.88,
				"downloads": 125646,
				"percentageDownloads": 0.92,
				"LAC": 82638,
				"percentageLAC": 65.77
			},
			{
				"divisionCode": "CJA",
				"publications": 2,
				"percentagePublications": 0.02,
				"downloads": 1218,
				"percentageDownloads": 0.01,
				"LAC": 200,
				"percentageLAC": 16.42
			},
			{
				"divisionCode": "CME",
				"publications": 5,
				"percentagePublications": 0.05,
				"downloads": 6071,
				"percentageDownloads": 0.04,
				"LAC": 4692,
				"percentageLAC": 77.29
			},
			{
				"divisionCode": "CMF",
				"publications": 196,
				"percentagePublications": 1.92,
				"downloads": 296081,
				"percentageDownloads": 2.16,
				"LAC": 170930,
				"percentageLAC": 57.73
			},
			{
				"divisionCode": "CMG",
				"publications": 26,
				"percentagePublications": 0.25,
				"downloads": 44707,
				"percentageDownloads": 0.33,
				"LAC": 21679,
				"percentageLAC": 48.49
			},
			{
				"divisionCode": "CNI",
				"publications": 1,
				"percentagePublications": 0.01,
				"downloads": 392,
				"percentageDownloads": 0,
				"LAC": 250,
				"percentageLAC": 63.78
			},
			{
				"divisionCode": "CPE",
				"publications": 5,
				"percentagePublications": 0.05,
				"downloads": 13364,
				"percentageDownloads": 0.1,
				"LAC": 10506,
				"percentageLAC": 78.61
			},
			{
				"divisionCode": "CPR",
				"publications": 1,
				"percentagePublications": 0.01,
				"downloads": 137,
				"percentageDownloads": 0,
				"LAC": 50,
				"percentageLAC": 36.5
			},
			{
				"divisionCode": "CSC",
				"publications": 32,
				"percentagePublications": 0.31,
				"downloads": 32051,
				"percentageDownloads": 0.23,
				"LAC": 22361,
				"percentageLAC": 69.77
			},
			{
				"divisionCode": "CSD",
				"publications": 5,
				"percentagePublications": 0.05,
				"downloads": 17719,
				"percentageDownloads": 0.13,
				"LAC": 15172,
				"percentageLAC": 85.63
			},
			{
				"divisionCode": "CSO",
				"publications": 66,
				"percentagePublications": 0.65,
				"downloads": 147038,
				"percentageDownloads": 1.07,
				"LAC": 120751,
				"percentageLAC": 82.12
			},
			{
				"divisionCode": "CTI",
				"publications": 187,
				"percentagePublications": 1.83,
				"downloads": 371102,
				"percentageDownloads": 2.71,
				"LAC": 242111,
				"percentageLAC": 65.24
			},
			{
				"divisionCode": "CUR",
				"publications": 1,
				"percentagePublications": 0.01,
				"downloads": 128,
				"percentageDownloads": 0,
				"LAC": 103,
				"percentageLAC": 80.47
			},
			{
				"divisionCode": "Discontinued Divisions",
				"publications": 2252,
				"percentagePublications": 22.02,
				"downloads": 1454697,
				"percentageDownloads": 10.61,
				"LAC": 792528,
				"percentageLAC": 54.48
			},
			{
				"divisionCode": "EDU",
				"publications": 245,
				"percentagePublications": 2.4,
				"downloads": 741843,
				"percentageDownloads": 5.41,
				"LAC": 575425,
				"percentageLAC": 77.57
			},
			{
				"divisionCode": "ENE",
				"publications": 149,
				"percentagePublications": 1.46,
				"downloads": 365465,
				"percentageDownloads": 2.66,
				"LAC": 222849,
				"percentageLAC": 60.98
			},
			{
				"divisionCode": "ESG",
				"publications": 171,
				"percentagePublications": 1.67,
				"downloads": 203548,
				"percentageDownloads": 1.48,
				"LAC": 93591,
				"percentageLAC": 45.98
			},
			{
				"divisionCode": "EUR",
				"publications": 5,
				"percentagePublications": 0.05,
				"downloads": 4664,
				"percentageDownloads": 0.03,
				"LAC": 1379,
				"percentageLAC": 29.57
			},
			{
				"divisionCode": "FHL",
				"publications": 30,
				"percentagePublications": 0.29,
				"downloads": 11790,
				"percentageDownloads": 0.09,
				"LAC": 6924,
				"percentageLAC": 58.73
			},
			{
				"divisionCode": "FMM",
				"publications": 193,
				"percentagePublications": 1.89,
				"downloads": 500416,
				"percentageDownloads": 3.65,
				"LAC": 319740,
				"percentageLAC": 63.89
			},
			{
				"divisionCode": "FMP",
				"publications": 10,
				"percentagePublications": 0.1,
				"downloads": 10229,
				"percentageDownloads": 0.07,
				"LAC": 4575,
				"percentageLAC": 44.73
			},
			{
				"divisionCode": "GCM",
				"publications": 21,
				"percentagePublications": 0.21,
				"downloads": 4349,
				"percentageDownloads": 0.03,
				"LAC": 1248,
				"percentageLAC": 28.7
			},
			{
				"divisionCode": "GDI",
				"publications": 67,
				"percentagePublications": 0.66,
				"downloads": 60284,
				"percentageDownloads": 0.44,
				"LAC": 39839,
				"percentageLAC": 66.09
			},
			{
				"divisionCode": "HRD",
				"publications": 2,
				"percentagePublications": 0.02,
				"downloads": 164,
				"percentageDownloads": 0,
				"LAC": 53,
				"percentageLAC": 32.32
			},
			{
				"divisionCode": "HUD",
				"publications": 76,
				"percentagePublications": 0.74,
				"downloads": 378294,
				"percentageDownloads": 2.76,
				"LAC": 266852,
				"percentageLAC": 70.54
			},
			{
				"divisionCode": "ICD",
				"publications": 1,
				"percentagePublications": 0.01,
				"downloads": 4563,
				"percentageDownloads": 0.03,
				"LAC": 4125,
				"percentageLAC": 90.4
			},
			{
				"divisionCode": "ICS",
				"publications": 330,
				"percentagePublications": 3.23,
				"downloads": 790453,
				"percentageDownloads": 5.76,
				"LAC": 525009,
				"percentageLAC": 66.42
			},
			{
				"divisionCode": "IFD",
				"publications": 78,
				"percentagePublications": 0.76,
				"downloads": 135489,
				"percentageDownloads": 0.99,
				"LAC": 73597,
				"percentageLAC": 54.32
			},
			{
				"divisionCode": "INE",
				"publications": 63,
				"percentagePublications": 0.62,
				"downloads": 149465,
				"percentageDownloads": 1.09,
				"LAC": 86887,
				"percentageLAC": 58.13
			},
			{
				"divisionCode": "INL",
				"publications": 502,
				"percentagePublications": 4.91,
				"downloads": 454087,
				"percentageDownloads": 3.31,
				"LAC": 318719,
				"percentageLAC": 70.19
			},
			{
				"divisionCode": "INT",
				"publications": 621,
				"percentagePublications": 6.07,
				"downloads": 575608,
				"percentageDownloads": 4.2,
				"LAC": 288821,
				"percentageLAC": 50.18
			},
			{
				"divisionCode": "ITE",
				"publications": 3,
				"percentagePublications": 0.03,
				"downloads": 7936,
				"percentageDownloads": 0.06,
				"LAC": 5781,
				"percentageLAC": 72.85
			},
			{
				"divisionCode": "KIC",
				"publications": 170,
				"percentagePublications": 1.66,
				"downloads": 932852,
				"percentageDownloads": 6.8,
				"LAC": 650768,
				"percentageLAC": 69.76
			},
			{
				"divisionCode": "KNM",
				"publications": 23,
				"percentagePublications": 0.22,
				"downloads": 21359,
				"percentageDownloads": 0.16,
				"LAC": 13965,
				"percentageLAC": 65.38
			},
			{
				"divisionCode": "LMK",
				"publications": 164,
				"percentagePublications": 1.6,
				"downloads": 393568,
				"percentageDownloads": 2.87,
				"LAC": 265139,
				"percentageLAC": 67.37
			},
			{
				"divisionCode": "MICI",
				"publications": 12,
				"percentagePublications": 0.12,
				"downloads": 3919,
				"percentageDownloads": 0.03,
				"LAC": 606,
				"percentageLAC": 15.46
			},
			{
				"divisionCode": "MIF",
				"publications": 1084,
				"percentagePublications": 10.6,
				"downloads": 366180,
				"percentageDownloads": 2.67,
				"LAC": 175405,
				"percentageLAC": 47.9
			},
			{
				"divisionCode": "OII",
				"publications": 26,
				"percentagePublications": 0.25,
				"downloads": 5169,
				"percentageDownloads": 0.04,
				"LAC": 829,
				"percentageLAC": 16.04
			},
			{
				"divisionCode": "ORP",
				"publications": 12,
				"percentagePublications": 0.12,
				"downloads": 32407,
				"percentageDownloads": 0.24,
				"LAC": 14013,
				"percentageLAC": 43.24
			},
			{
				"divisionCode": "OVE",
				"publications": 733,
				"percentagePublications": 7.17,
				"downloads": 466022,
				"percentageDownloads": 3.4,
				"LAC": 201575,
				"percentageLAC": 43.25
			},
			{
				"divisionCode": "PCY",
				"publications": 2,
				"percentagePublications": 0.02,
				"downloads": 255,
				"percentageDownloads": 0,
				"LAC": 63,
				"percentageLAC": 24.71
			},
			{
				"divisionCode": "PRE",
				"publications": 6,
				"percentagePublications": 0.06,
				"downloads": 7991,
				"percentageDownloads": 0.06,
				"LAC": 2833,
				"percentageLAC": 35.45
			},
			{
				"divisionCode": "PRO",
				"publications": 1,
				"percentagePublications": 0.01,
				"downloads": 143,
				"percentageDownloads": 0,
				"LAC": 8,
				"percentageLAC": 5.59
			},
			{
				"divisionCode": "RES",
				"publications": 1288,
				"percentagePublications": 12.6,
				"downloads": 1501523,
				"percentageDownloads": 10.95,
				"LAC": 704984,
				"percentageLAC": 46.95
			},
			{
				"divisionCode": "RMG",
				"publications": 1,
				"percentagePublications": 0.01,
				"downloads": 147,
				"percentageDownloads": 0,
				"LAC": 9,
				"percentageLAC": 6.12
			},
			{
				"divisionCode": "RND",
				"publications": 124,
				"percentagePublications": 1.21,
				"downloads": 95657,
				"percentageDownloads": 0.7,
				"LAC": 62616,
				"percentageLAC": 65.46
			},
			{
				"divisionCode": "SCL",
				"publications": 53,
				"percentagePublications": 0.52,
				"downloads": 119949,
				"percentageDownloads": 0.87,
				"LAC": 77398,
				"percentageLAC": 64.53
			},
			{
				"divisionCode": "SDI",
				"publications": 134,
				"percentagePublications": 1.31,
				"downloads": 210131,
				"percentageDownloads": 1.53,
				"LAC": 155290,
				"percentageLAC": 73.9
			},
			{
				"divisionCode": "SDV",
				"publications": 20,
				"percentagePublications": 0.2,
				"downloads": 43721,
				"percentageDownloads": 0.32,
				"LAC": 5970,
				"percentageLAC": 13.65
			},
			{
				"divisionCode": "SEC",
				"publications": 26,
				"percentagePublications": 0.25,
				"downloads": 3715,
				"percentageDownloads": 0.03,
				"LAC": 1421,
				"percentageLAC": 38.25
			},
			{
				"divisionCode": "SMO",
				"publications": 2,
				"percentagePublications": 0.02,
				"downloads": 547,
				"percentageDownloads": 0,
				"LAC": 128,
				"percentageLAC": 23.4
			},
			{
				"divisionCode": "SPD",
				"publications": 130,
				"percentagePublications": 1.27,
				"downloads": 200444,
				"percentageDownloads": 1.46,
				"LAC": 100669,
				"percentageLAC": 50.22
			},
			{
				"divisionCode": "SPH",
				"publications": 289,
				"percentagePublications": 2.83,
				"downloads": 865648,
				"percentageDownloads": 6.31,
				"LAC": 584942,
				"percentageLAC": 67.57
			},
			{
				"divisionCode": "Strategic Core",
				"publications": 1,
				"percentagePublications": 0.01,
				"downloads": 19721,
				"percentageDownloads": 0.14,
				"LAC": 16370,
				"percentageLAC": 83.01
			},
			{
				"divisionCode": "TSP",
				"publications": 171,
				"percentagePublications": 1.67,
				"downloads": 427170,
				"percentageDownloads": 3.11,
				"LAC": 333593,
				"percentageLAC": 78.09
			},
			{
				"divisionCode": "UCC",
				"publications": 2,
				"percentagePublications": 0.02,
				"downloads": 28376,
				"percentageDownloads": 0.21,
				"LAC": 26879,
				"percentageLAC": 94.72
			},
			{
				"divisionCode": "VPC",
				"publications": 31,
				"percentagePublications": 0.3,
				"downloads": 33446,
				"percentageDownloads": 0.24,
				"LAC": 23990,
				"percentageLAC": 71.73
			},
			{
				"divisionCode": "VPS",
				"publications": 24,
				"percentagePublications": 0.23,
				"downloads": 97629,
				"percentageDownloads": 0.71,
				"LAC": 73225,
				"percentageLAC": 75
			},
			{
				"divisionCode": "WSA",
				"publications": 173,
				"percentagePublications": 1.69,
				"downloads": 436105,
				"percentageDownloads": 3.18,
				"LAC": 330448,
				"percentageLAC": 75.77
			}
		],
		"indicatorsDivisions2018": [
			{
				"divisionCode": "ATI",
				"publications": 0,
				"percentagePublications": 0,
				"downloads": 0,
				"percentageDownloads": 0,
				"LAC": 0,
				"percentageLAC": 0
			},
			{
				"divisionCode": "AUG",
				"publications": 0,
				"percentagePublications": 0,
				"downloads": 0,
				"percentageDownloads": 0,
				"LAC": 0,
				"percentageLAC": 0
			},
			{
				"divisionCode": "BOG",
				"publications": 0,
				"percentagePublications": 0,
				"downloads": 0,
				"percentageDownloads": 0,
				"LAC": 0,
				"percentageLAC": 0
			},
			{
				"divisionCode": "CAN",
				"publications": 14,
				"percentagePublications": 2.67,
				"downloads": 33102,
				"percentageDownloads": 3.17,
				"LAC": 25642,
				"percentageLAC": 77.46
			},
			{
				"divisionCode": "CAR",
				"publications": 0,
				"percentagePublications": 0,
				"downloads": 0,
				"percentageDownloads": 0,
				"LAC": 0,
				"percentageLAC": 0
			},
			{
				"divisionCode": "CBH",
				"publications": 0,
				"percentagePublications": 0,
				"downloads": 0,
				"percentageDownloads": 0,
				"LAC": 0,
				"percentageLAC": 0
			},
			{
				"divisionCode": "CBL",
				"publications": 0,
				"percentagePublications": 0,
				"downloads": 0,
				"percentageDownloads": 0,
				"LAC": 0,
				"percentageLAC": 0
			},
			{
				"divisionCode": "CBO",
				"publications": 2,
				"percentagePublications": 0.38,
				"downloads": 507,
				"percentageDownloads": 0.05,
				"LAC": 246,
				"percentageLAC": 48.52
			},
			{
				"divisionCode": "CBR",
				"publications": 0,
				"percentagePublications": 0,
				"downloads": 0,
				"percentageDownloads": 0,
				"LAC": 0,
				"percentageLAC": 0
			},
			{
				"divisionCode": "CCB",
				"publications": 32,
				"percentagePublications": 6.1,
				"downloads": 12777,
				"percentageDownloads": 1.23,
				"LAC": 5787,
				"percentageLAC": 45.29
			},
			{
				"divisionCode": "CCH",
				"publications": 0,
				"percentagePublications": 0,
				"downloads": 0,
				"percentageDownloads": 0,
				"LAC": 0,
				"percentageLAC": 0
			},
			{
				"divisionCode": "CCO",
				"publications": 0,
				"percentagePublications": 0,
				"downloads": 0,
				"percentageDownloads": 0,
				"LAC": 0,
				"percentageLAC": 0
			},
			{
				"divisionCode": "CCS",
				"publications": 11,
				"percentagePublications": 2.1,
				"downloads": 22966,
				"percentageDownloads": 2.2,
				"LAC": 17075,
				"percentageLAC": 74.35
			},
			{
				"divisionCode": "CDR",
				"publications": 0,
				"percentagePublications": 0,
				"downloads": 0,
				"percentageDownloads": 0,
				"LAC": 0,
				"percentageLAC": 0
			},
			{
				"divisionCode": "CGY",
				"publications": 0,
				"percentagePublications": 0,
				"downloads": 0,
				"percentageDownloads": 0,
				"LAC": 0,
				"percentageLAC": 0
			},
			{
				"divisionCode": "CHO",
				"publications": 0,
				"percentagePublications": 0,
				"downloads": 0,
				"percentageDownloads": 0,
				"LAC": 0,
				"percentageLAC": 0
			},
			{
				"divisionCode": "CID",
				"publications": 20,
				"percentagePublications": 3.81,
				"downloads": 17559,
				"percentageDownloads": 1.68,
				"LAC": 13949,
				"percentageLAC": 79.44
			},
			{
				"divisionCode": "CJA",
				"publications": 0,
				"percentagePublications": 0,
				"downloads": 0,
				"percentageDownloads": 0,
				"LAC": 0,
				"percentageLAC": 0
			},
			{
				"divisionCode": "CME",
				"publications": 2,
				"percentagePublications": 0.38,
				"downloads": 188,
				"percentageDownloads": 0.02,
				"LAC": 129,
				"percentageLAC": 68.62
			},
			{
				"divisionCode": "CMF",
				"publications": 19,
				"percentagePublications": 3.62,
				"downloads": 26770,
				"percentageDownloads": 2.57,
				"LAC": 19934,
				"percentageLAC": 74.46
			},
			{
				"divisionCode": "CMG",
				"publications": 3,
				"percentagePublications": 0.57,
				"downloads": 9853,
				"percentageDownloads": 0.94,
				"LAC": 8803,
				"percentageLAC": 89.34
			},
			{
				"divisionCode": "CNI",
				"publications": 0,
				"percentagePublications": 0,
				"downloads": 0,
				"percentageDownloads": 0,
				"LAC": 0,
				"percentageLAC": 0
			},
			{
				"divisionCode": "CPE",
				"publications": 0,
				"percentagePublications": 0,
				"downloads": 0,
				"percentageDownloads": 0,
				"LAC": 0,
				"percentageLAC": 0
			},
			{
				"divisionCode": "CPR",
				"publications": 1,
				"percentagePublications": 0.19,
				"downloads": 137,
				"percentageDownloads": 0.01,
				"LAC": 50,
				"percentageLAC": 36.5
			},
			{
				"divisionCode": "CSC",
				"publications": 12,
				"percentagePublications": 2.29,
				"downloads": 2745,
				"percentageDownloads": 0.26,
				"LAC": 1272,
				"percentageLAC": 46.34
			},
			{
				"divisionCode": "CSD",
				"publications": 4,
				"percentagePublications": 0.76,
				"downloads": 17169,
				"percentageDownloads": 1.65,
				"LAC": 15044,
				"percentageLAC": 87.62
			},
			{
				"divisionCode": "CSO",
				"publications": 0,
				"percentagePublications": 0,
				"downloads": 0,
				"percentageDownloads": 0,
				"LAC": 0,
				"percentageLAC": 0
			},
			{
				"divisionCode": "CTI",
				"publications": 7,
				"percentagePublications": 1.33,
				"downloads": 7327,
				"percentageDownloads": 0.7,
				"LAC": 5470,
				"percentageLAC": 74.66
			},
			{
				"divisionCode": "CUR",
				"publications": 0,
				"percentagePublications": 0,
				"downloads": 128,
				"percentageDownloads": 0.01,
				"LAC": 103,
				"percentageLAC": 80.47
			},
			{
				"divisionCode": "Discontinued Divisions",
				"publications": 7,
				"percentagePublications": 1.33,
				"downloads": 5583,
				"percentageDownloads": 0.54,
				"LAC": 2714,
				"percentageLAC": 48.61
			},
			{
				"divisionCode": "EDU",
				"publications": 20,
				"percentagePublications": 3.81,
				"downloads": 52864,
				"percentageDownloads": 5.07,
				"LAC": 48182,
				"percentageLAC": 91.14
			},
			{
				"divisionCode": "ENE",
				"publications": 4,
				"percentagePublications": 0.76,
				"downloads": 12520,
				"percentageDownloads": 1.2,
				"LAC": 11014,
				"percentageLAC": 87.97
			},
			{
				"divisionCode": "ESG",
				"publications": 5,
				"percentagePublications": 0.95,
				"downloads": 21973,
				"percentageDownloads": 2.11,
				"LAC": 19055,
				"percentageLAC": 86.72
			},
			{
				"divisionCode": "EUR",
				"publications": 0,
				"percentagePublications": 0,
				"downloads": 0,
				"percentageDownloads": 0,
				"LAC": 0,
				"percentageLAC": 0
			},
			{
				"divisionCode": "FHL",
				"publications": 0,
				"percentagePublications": 0,
				"downloads": 0,
				"percentageDownloads": 0,
				"LAC": 0,
				"percentageLAC": 0
			},
			{
				"divisionCode": "FMM",
				"publications": 23,
				"percentagePublications": 4.38,
				"downloads": 29137,
				"percentageDownloads": 2.79,
				"LAC": 19920,
				"percentageLAC": 68.37
			},
			{
				"divisionCode": "FMP",
				"publications": 2,
				"percentagePublications": 0.38,
				"downloads": 207,
				"percentageDownloads": 0.02,
				"LAC": 75,
				"percentageLAC": 36.23
			},
			{
				"divisionCode": "GCM",
				"publications": 0,
				"percentagePublications": 0,
				"downloads": 0,
				"percentageDownloads": 0,
				"LAC": 0,
				"percentageLAC": 0
			},
			{
				"divisionCode": "GDI",
				"publications": 6,
				"percentagePublications": 1.14,
				"downloads": 1505,
				"percentageDownloads": 0.14,
				"LAC": 627,
				"percentageLAC": 41.66
			},
			{
				"divisionCode": "HRD",
				"publications": 0,
				"percentagePublications": 0,
				"downloads": 0,
				"percentageDownloads": 0,
				"LAC": 0,
				"percentageLAC": 0
			},
			{
				"divisionCode": "HUD",
				"publications": 9,
				"percentagePublications": 1.71,
				"downloads": 15264,
				"percentageDownloads": 1.46,
				"LAC": 12623,
				"percentageLAC": 82.7
			},
			{
				"divisionCode": "ICD",
				"publications": 1,
				"percentagePublications": 0.19,
				"downloads": 4563,
				"percentageDownloads": 0.44,
				"LAC": 4125,
				"percentageLAC": 90.4
			},
			{
				"divisionCode": "ICS",
				"publications": 48,
				"percentagePublications": 9.14,
				"downloads": 87714,
				"percentageDownloads": 8.41,
				"LAC": 66957,
				"percentageLAC": 76.34
			},
			{
				"divisionCode": "IFD",
				"publications": 1,
				"percentagePublications": 0.19,
				"downloads": 59,
				"percentageDownloads": 0.01,
				"LAC": 17,
				"percentageLAC": 28.81
			},
			{
				"divisionCode": "INE",
				"publications": 17,
				"percentagePublications": 3.24,
				"downloads": 7666,
				"percentageDownloads": 0.73,
				"LAC": 4600,
				"percentageLAC": 60.01
			},
			{
				"divisionCode": "INL",
				"publications": 14,
				"percentagePublications": 2.67,
				"downloads": 90165,
				"percentageDownloads": 8.64,
				"LAC": 81799,
				"percentageLAC": 90.72
			},
			{
				"divisionCode": "INT",
				"publications": 28,
				"percentagePublications": 5.33,
				"downloads": 30203,
				"percentageDownloads": 2.9,
				"LAC": 16570,
				"percentageLAC": 54.86
			},
			{
				"divisionCode": "ITE",
				"publications": 2,
				"percentagePublications": 0.38,
				"downloads": 7791,
				"percentageDownloads": 0.75,
				"LAC": 5768,
				"percentageLAC": 74.03
			},
			{
				"divisionCode": "KIC",
				"publications": 4,
				"percentagePublications": 0.76,
				"downloads": 38505,
				"percentageDownloads": 3.69,
				"LAC": 5963,
				"percentageLAC": 15.49
			},
			{
				"divisionCode": "KNM",
				"publications": 0,
				"percentagePublications": 0,
				"downloads": 0,
				"percentageDownloads": 0,
				"LAC": 0,
				"percentageLAC": 0
			},
			{
				"divisionCode": "LMK",
				"publications": 14,
				"percentagePublications": 2.67,
				"downloads": 75788,
				"percentageDownloads": 7.27,
				"LAC": 65248,
				"percentageLAC": 86.09
			},
			{
				"divisionCode": "MICI",
				"publications": 0,
				"percentagePublications": 0,
				"downloads": 0,
				"percentageDownloads": 0,
				"LAC": 0,
				"percentageLAC": 0
			},
			{
				"divisionCode": "MIF",
				"publications": 13,
				"percentagePublications": 2.48,
				"downloads": 3929,
				"percentageDownloads": 0.38,
				"LAC": 1628,
				"percentageLAC": 41.44
			},
			{
				"divisionCode": "OII",
				"publications": 0,
				"percentagePublications": 0,
				"downloads": 0,
				"percentageDownloads": 0,
				"LAC": 0,
				"percentageLAC": 0
			},
			{
				"divisionCode": "ORP",
				"publications": 1,
				"percentagePublications": 0.19,
				"downloads": 2672,
				"percentageDownloads": 0.26,
				"LAC": 1618,
				"percentageLAC": 60.55
			},
			{
				"divisionCode": "OVE",
				"publications": 30,
				"percentagePublications": 5.71,
				"downloads": 13879,
				"percentageDownloads": 1.33,
				"LAC": 9323,
				"percentageLAC": 67.17
			},
			{
				"divisionCode": "PCY",
				"publications": 0,
				"percentagePublications": 0,
				"downloads": 0,
				"percentageDownloads": 0,
				"LAC": 0,
				"percentageLAC": 0
			},
			{
				"divisionCode": "PRE",
				"publications": 0,
				"percentagePublications": 0,
				"downloads": 0,
				"percentageDownloads": 0,
				"LAC": 0,
				"percentageLAC": 0
			},
			{
				"divisionCode": "PRO",
				"publications": 0,
				"percentagePublications": 0,
				"downloads": 0,
				"percentageDownloads": 0,
				"LAC": 0,
				"percentageLAC": 0
			},
			{
				"divisionCode": "RES",
				"publications": 34,
				"percentagePublications": 6.48,
				"downloads": 79095,
				"percentageDownloads": 7.58,
				"LAC": 58999,
				"percentageLAC": 74.59
			},
			{
				"divisionCode": "RMG",
				"publications": 0,
				"percentagePublications": 0,
				"downloads": 0,
				"percentageDownloads": 0,
				"LAC": 0,
				"percentageLAC": 0
			},
			{
				"divisionCode": "RND",
				"publications": 25,
				"percentagePublications": 4.76,
				"downloads": 18675,
				"percentageDownloads": 1.79,
				"LAC": 14920,
				"percentageLAC": 79.89
			},
			{
				"divisionCode": "SCL",
				"publications": 9,
				"percentagePublications": 1.71,
				"downloads": 48822,
				"percentageDownloads": 4.68,
				"LAC": 42244,
				"percentageLAC": 86.53
			},
			{
				"divisionCode": "SDI",
				"publications": 0,
				"percentagePublications": 0,
				"downloads": 0,
				"percentageDownloads": 0,
				"LAC": 0,
				"percentageLAC": 0
			},
			{
				"divisionCode": "SDV",
				"publications": 0,
				"percentagePublications": 0,
				"downloads": 0,
				"percentageDownloads": 0,
				"LAC": 0,
				"percentageLAC": 0
			},
			{
				"divisionCode": "SEC",
				"publications": 0,
				"percentagePublications": 0,
				"downloads": 0,
				"percentageDownloads": 0,
				"LAC": 0,
				"percentageLAC": 0
			},
			{
				"divisionCode": "SMO",
				"publications": 0,
				"percentagePublications": 0,
				"downloads": 0,
				"percentageDownloads": 0,
				"LAC": 0,
				"percentageLAC": 0
			},
			{
				"divisionCode": "SPD",
				"publications": 29,
				"percentagePublications": 5.52,
				"downloads": 23325,
				"percentageDownloads": 2.24,
				"LAC": 13801,
				"percentageLAC": 59.17
			},
			{
				"divisionCode": "SPH",
				"publications": 25,
				"percentagePublications": 4.76,
				"downloads": 63440,
				"percentageDownloads": 6.08,
				"LAC": 46082,
				"percentageLAC": 72.64
			},
			{
				"divisionCode": "Strategic Core",
				"publications": 0,
				"percentagePublications": 0,
				"downloads": 0,
				"percentageDownloads": 0,
				"LAC": 0,
				"percentageLAC": 0
			},
			{
				"divisionCode": "TSP",
				"publications": 16,
				"percentagePublications": 3.05,
				"downloads": 12584,
				"percentageDownloads": 1.21,
				"LAC": 9001,
				"percentageLAC": 71.53
			},
			{
				"divisionCode": "UCC",
				"publications": 2,
				"percentagePublications": 0.38,
				"downloads": 28376,
				"percentageDownloads": 2.72,
				"LAC": 26879,
				"percentageLAC": 94.72
			},
			{
				"divisionCode": "VPC",
				"publications": 4,
				"percentagePublications": 0.76,
				"downloads": 1274,
				"percentageDownloads": 0.12,
				"LAC": 769,
				"percentageLAC": 60.36
			},
			{
				"divisionCode": "VPS",
				"publications": 9,
				"percentagePublications": 1.71,
				"downloads": 47489,
				"percentageDownloads": 4.55,
				"LAC": 38866,
				"percentageLAC": 81.84
			},
			{
				"divisionCode": "WSA",
				"publications": 30,
				"percentagePublications": 5.71,
				"downloads": 60452,
				"percentageDownloads": 5.8,
				"LAC": 52771,
				"percentageLAC": 87.29
			}
		],
		"indicatorsIDBAllTheTime": [
			{
				"publications": 10226,
				"percentagePublications": 100,
				"downloads": 13106769,
				"percentageDownloads": 100,
				"LAC": 8058432,
				"percentageLAC": 61.5
			}
		],
		"indicatorsIDB2018": [
			{
				"publications": 525,
				"percentagePublications": 100,
				"downloads": 1043000,
				"percentageDownloads": 100,
				"LAC": 798048,
				"percentageLAC": 76.5
			}
		]
	}
}