{
    "publicationsAttention": [{
            "departmentCode": "CAN",
            "divisionCode": "CAN",
            "Code": "Civil Conflict Reduced the Impact of Colombia's Protected Areas",
            "publishedDate": "08-20-18",
            "daysPublished": 108,
            "Downloads": 111,
            "pageviews": 1
        },
        {
            "departmentCode": "CAN",
            "divisionCode": "CAN",
            "Code": "Development Challenges in Colombia",
            "publishedDate": "06-29-18",
            "daysPublished": 160,
            "Downloads": 316,
            "pageviews": 2
        },
        {
            "departmentCode": "CAN",
            "divisionCode": "CAN",
            "Code": "Development Challenges in Ecuador",
            "publishedDate": "06-22-18",
            "daysPublished": 167,
            "Downloads": 205,
            "pageviews": 1.2
        },
        {
            "departmentCode": "CAN",
            "divisionCode": "CAN",
            "Code": "Development Challenges in Peru",
            "publishedDate": "06-22-18",
            "daysPublished": 167,
            "Downloads": 483,
            "pageviews": 2.9
        },
        {
            "departmentCode": "CAN",
            "divisionCode": "CAN",
            "Code": "Do Labor Market Regulations Affect the Link between Innovation and Employment?: Evidence from Latin America",
            "publishedDate": "07-02-18",
            "daysPublished": 157,
            "Downloads": 127,
            "pageviews": 0.8
        },
        {
            "departmentCode": "CAN",
            "divisionCode": "CBO",
            "Code": "Development Challenges in Bolivia",
            "publishedDate": "06-22-18",
            "daysPublished": 167,
            "Downloads": 490,
            "pageviews": 2.9
        },
        {
            "departmentCode": "CCB",
            "divisionCode": "CCB",
            "Code": "Barbados Survey of Living Conditions: 2016",
            "publishedDate": "07-12-18",
            "daysPublished": 150,
            "Downloads": 105,
            "pageviews": 0.7
        },
        {
            "departmentCode": "CCB",
            "divisionCode": "CCB",
            "Code": "Caribbean Region Quarterly Bulletin: Volume 7, Issue 3: September 2018",
            "publishedDate": "10-01-18",
            "daysPublished": 69,
            "Downloads": 688,
            "pageviews": 10
        },
        {
            "departmentCode": "CCB",
            "divisionCode": "CCB",
            "Code": "Caribbean Region Quarterly Bulletin: Volume 7: Issue 2: June 2018",
            "publishedDate": "06-27-18",
            "daysPublished": 162,
            "Downloads": 875,
            "pageviews": 5.4
        },
        {
            "departmentCode": "CCB",
            "divisionCode": "CCB",
            "Code": "Do Parents Know Best?: The Short and Long-Run Effects of Attending The Schools that Parents Prefer",
            "publishedDate": "08-20-18",
            "daysPublished": 108,
            "Downloads": 72,
            "pageviews": 0.7
        },
        {
            "departmentCode": "CCB",
            "divisionCode": "CCB",
            "Code": "Gender-based Educational and Occupational Segregation in the Caribbean",
            "publishedDate": "07-31-18",
            "daysPublished": 128,
            "Downloads": 150,
            "pageviews": 1.2
        },
        {
            "departmentCode": "CCB",
            "divisionCode": "CCB",
            "Code": "Guyana Labor Force Survey: Fourth Quarter 2017",
            "publishedDate": "07-13-18",
            "daysPublished": 150,
            "Downloads": 69,
            "pageviews": 0.5
        },
        {
            "departmentCode": "CCB",
            "divisionCode": "CCB",
            "Code": "Guyana Labor Force Survey: Third Quarter 2017",
            "publishedDate": "07-12-18",
            "daysPublished": 150,
            "Downloads": 65,
            "pageviews": 0.4
        },
        {
            "departmentCode": "CCB",
            "divisionCode": "CCB",
            "Code": "Race-based Educational, Occupational and Industry Segregation and Wages Gaps in Trinidad and Tobago",
            "publishedDate": "10-31-18",
            "daysPublished": 36,
            "Downloads": 60,
            "pageviews": 1.7
        },
        {
            "departmentCode": "CCB",
            "divisionCode": "CCB",
            "Code": "Strengthening of Guyana’s Fiscal Framework in Anticipation of an Oil Boom",
            "publishedDate": "06-14-18",
            "daysPublished": 175,
            "Downloads": 498,
            "pageviews": 2.8
        },
        {
            "departmentCode": "CCB",
            "divisionCode": "CCB",
            "Code": "Supporting Policy Reform from the Outside: Insights from a Theoretical Framework",
            "publishedDate": "09-10-18",
            "daysPublished": 97,
            "Downloads": 71,
            "pageviews": 0.7
        },
        {
            "departmentCode": "CCB",
            "divisionCode": "CCB",
            "Code": "Suriname Survey of Living Conditions: 2016-2017",
            "publishedDate": "07-13-18",
            "daysPublished": 150,
            "Downloads": 178,
            "pageviews": 1.2
        },
        {
            "departmentCode": "CCB",
            "divisionCode": "CCB",
            "Code": "The Bahamas Fiscal Responsibility Bill 2018: Some Observations and Practical Guidance for Implementation Effectiveness",
            "publishedDate": "06-29-18",
            "daysPublished": 162,
            "Downloads": 242,
            "pageviews": 1.5
        },
        {
            "departmentCode": "CCB",
            "divisionCode": "CCB",
            "Code": "The Dutch Disease Phenomenon and Lessons for Guyana: Trinidad and Tobago's Experience",
            "publishedDate": "07-09-18",
            "daysPublished": 153,
            "Downloads": 313,
            "pageviews": 2
        },
        {
            "departmentCode": "CCB",
            "divisionCode": "CCB",
            "Code": "The Next Wave Magazine",
            "publishedDate": "09-07-18",
            "daysPublished": 90,
            "Downloads": 350,
            "pageviews": 3.9
        },
        {
            "departmentCode": "CCB",
            "divisionCode": "CCB",
            "Code": "Women's health survey 2016: Jamaica: Final Report",
            "publishedDate": "06-21-18",
            "daysPublished": 169,
            "Downloads": 603,
            "pageviews": 3.6
        },
        {
            "departmentCode": "CID",
            "divisionCode": "CID",
            "Code": "¿Podrá Ayiti volver a ser el reino de este mundo?",
            "publishedDate": "10-02-18",
            "daysPublished": 97,
            "Downloads": 38,
            "pageviews": 0.4
        },
        {
            "departmentCode": "CID",
            "divisionCode": "CID",
            "Code": "A Computable General Equilibrium Analysis for Haiti",
            "publishedDate": "09-30-18",
            "daysPublished": 67,
            "Downloads": 58,
            "pageviews": 0.9
        },
        {
            "departmentCode": "CID",
            "divisionCode": "CID",
            "Code": "A Simple Stylized Long-Run Growth Model for Haiti",
            "publishedDate": "09-30-18",
            "daysPublished": 67,
            "Downloads": 44,
            "pageviews": 0.7
        },
        {
            "departmentCode": "CID",
            "divisionCode": "CID",
            "Code": "Aspectos de la migración nicaragüense en Costa Rica",
            "publishedDate": "11-12-18",
            "daysPublished": 24,
            "Downloads": 124,
            "pageviews": 5.2
        },
        {
            "departmentCode": "CID",
            "divisionCode": "CID",
            "Code": "Determinantes en la ejecución de la cartera de préstamos de inversión: ¿Cómo se explican y que podemos hacer para superarlos?",
            "publishedDate": "08-31-18",
            "daysPublished": 97,
            "Downloads": 67,
            "pageviews": 0.7
        },
        {
            "departmentCode": "CID",
            "divisionCode": "CID",
            "Code": "Evaluación de la participación de Panamá en la Alianza del Pacífico",
            "publishedDate": "08-10-18",
            "daysPublished": 159,
            "Downloads": 71,
            "pageviews": 0.4
        },
        {
            "departmentCode": "CID",
            "divisionCode": "CID",
            "Code": "Inmigración en Panamá: ¿Complemento o sustituto?",
            "publishedDate": "09-13-18",
            "daysPublished": 128,
            "Downloads": 120,
            "pageviews": 0.9
        },
        {
            "departmentCode": "CID",
            "divisionCode": "CID",
            "Code": "La política migratoria de los EE.UU. y su impacto en el Triángulo Norte de Centroamérica",
            "publishedDate": "06-25-18",
            "daysPublished": 164,
            "Downloads": 642,
            "pageviews": 3.9
        },
        {
            "departmentCode": "CID",
            "divisionCode": "CID",
            "Code": "Libro blanco para una política de clústeres en Costa Rica: Promoviendo la innovación y la productividad a través de una mayor articulación productiva",
            "publishedDate": "08-27-18",
            "daysPublished": 101,
            "Downloads": 616,
            "pageviews": 6.1
        },
        {
            "departmentCode": "CID",
            "divisionCode": "CID",
            "Code": "Management and Execution of Investment Projects, the Task Prior to the Measurement of Development Effectiveness: The Case of the Inter-American Development Bank",
            "publishedDate": "09-26-18",
            "daysPublished": 97,
            "Downloads": 196,
            "pageviews": 2
        },
        {
            "departmentCode": "CID",
            "divisionCode": "CID",
            "Code": "Mexico: From Country of Mass Emigration to Transit State",
            "publishedDate": "11-15-18",
            "daysPublished": 21,
            "Downloads": 106,
            "pageviews": 5
        },
        {
            "departmentCode": "CID",
            "divisionCode": "CID",
            "Code": "Retos ambientales de Costa Rica",
            "publishedDate": "10-09-18",
            "daysPublished": 58,
            "Downloads": 231,
            "pageviews": 4
        },
        {
            "departmentCode": "CID",
            "divisionCode": "CID",
            "Code": "Retos del sector agrícola de Panamá",
            "publishedDate": "08-10-18",
            "daysPublished": 159,
            "Downloads": 155,
            "pageviews": 1
        },
        {
            "departmentCode": "CID",
            "divisionCode": "CID",
            "Code": "Structural Transformation in Haiti",
            "publishedDate": "10-02-18",
            "daysPublished": 67,
            "Downloads": 69,
            "pageviews": 1
        },
        {
            "departmentCode": "CID",
            "divisionCode": "CID",
            "Code": "Telecommunication Sector Policies for the Development of Information and Communication Technologies in Panama: Part I",
            "publishedDate": "09-12-18",
            "daysPublished": 97,
            "Downloads": 242,
            "pageviews": 2.5
        },
        {
            "departmentCode": "CID",
            "divisionCode": "CID",
            "Code": "Telecommunication Sector Policies for the Development of Information and Communication Technologies in Panama: Part II",
            "publishedDate": "09-07-18",
            "daysPublished": 97,
            "Downloads": 42,
            "pageviews": 0.4
        },
        {
            "departmentCode": "CID",
            "divisionCode": "CID",
            "Code": "Why Does the Peso-Dollar Exchange Rate Show a Depreciation Trend?: The Role of Productivity Differentials",
            "publishedDate": "10-22-18",
            "daysPublished": 51,
            "Downloads": 66,
            "pageviews": 1.3
        },
        {
            "departmentCode": "CID",
            "divisionCode": "CME",
            "Code": "Estudio de identificación de los bloques económicos, así como los sectores productivos en los que México tendría una mayor oportunidad de integración comercial: Parte I",
            "publishedDate": "08-10-18",
            "daysPublished": 159,
            "Downloads": 134,
            "pageviews": 0.8
        },
        {
            "departmentCode": "CID",
            "divisionCode": "CME",
            "Code": "Estudio de identificación de los bloques económicos, así como los sectores productivos en los que México tendría una mayor oportunidad de integración comercial: Parte II",
            "publishedDate": "08-10-18",
            "daysPublished": 159,
            "Downloads": 54,
            "pageviews": 0.3
        },
        {
            "departmentCode": "CSC",
            "divisionCode": "CPR",
            "Code": "FDI Flows to Paraguay: What do Investors Prioritize?",
            "publishedDate": "08-21-18",
            "daysPublished": 107,
            "Downloads": 133,
            "pageviews": 1.2
        },
        {
            "departmentCode": "CSC",
            "divisionCode": "CSC",
            "Code": "A Structural Analysis of Commodity Price Fluctuations and Fiscal Performance",
            "publishedDate": "08-15-18",
            "daysPublished": 113,
            "Downloads": 74,
            "pageviews": 0.7
        },
        {
            "departmentCode": "CSC",
            "divisionCode": "CSC",
            "Code": "Adverse Effects of Air Pollution on the Probability of Stillbirth Delivery: Evidence from Central Chile",
            "publishedDate": "08-15-18",
            "daysPublished": 113,
            "Downloads": 36,
            "pageviews": 0.3
        },
        {
            "departmentCode": "CSC",
            "divisionCode": "CSC",
            "Code": "Development Challenges in Brazil",
            "publishedDate": "06-29-18",
            "daysPublished": 160,
            "Downloads": 136,
            "pageviews": 0.9
        },
        {
            "departmentCode": "CSC",
            "divisionCode": "CSC",
            "Code": "Development Challenges in Chile",
            "publishedDate": "06-29-18",
            "daysPublished": 160,
            "Downloads": 113,
            "pageviews": 0.7
        },
        {
            "departmentCode": "CSC",
            "divisionCode": "CSC",
            "Code": "Development Challenges in Paraguay",
            "publishedDate": "06-29-18",
            "daysPublished": 160,
            "Downloads": 101,
            "pageviews": 0.6
        },
        {
            "departmentCode": "CSC",
            "divisionCode": "CSC",
            "Code": "Development Challenges in Uruguay",
            "publishedDate": "06-29-18",
            "daysPublished": 160,
            "Downloads": 108,
            "pageviews": 0.7
        },
        {
            "departmentCode": "CSC",
            "divisionCode": "CSC",
            "Code": "Fueling Digital Trade in Mercosur: A Regulatory Roadmap",
            "publishedDate": "11-28-18",
            "daysPublished": 36,
            "Downloads": 60,
            "pageviews": 1.7
        },
        {
            "departmentCode": "CSC",
            "divisionCode": "CSC",
            "Code": "Liquidity and Exchange Rates",
            "publishedDate": "08-15-18",
            "daysPublished": 113,
            "Downloads": 44,
            "pageviews": 0.4
        },
        {
            "departmentCode": "CSC",
            "divisionCode": "CUR",
            "Code": "Una mirada joven a la juventud: Aportes para las políticas públicas de Uruguay",
            "publishedDate": "11-15-18",
            "daysPublished": 21,
            "Downloads": 125,
            "pageviews": 6
        },
        {
            "departmentCode": "CSD",
            "divisionCode": "CCS",
            "Code": "2017 Joint Report on Multilateral Development Banks' Climate Finance",
            "publishedDate": "06-29-18",
            "daysPublished": 160,
            "Downloads": 109,
            "pageviews": 0.7
        },
        {
            "departmentCode": "CSD",
            "divisionCode": "CCS",
            "Code": "Assessing the Institutional Capacity of Latin American Countries for Sustainable Infrastructure Planning and Delivery",
            "publishedDate": "06-05-18",
            "daysPublished": 196,
            "Downloads": 184,
            "pageviews": 0.9
        },
        {
            "departmentCode": "CSD",
            "divisionCode": "CCS",
            "Code": "Attractors of Institutional Investment in Latin American Infrastructure: Lessons from Envision Project Case Studies",
            "publishedDate": "06-05-18",
            "daysPublished": 196,
            "Downloads": 112,
            "pageviews": 0.6
        },
        {
            "departmentCode": "CSD",
            "divisionCode": "HUD",
            "Code": "Proyecto de Plan Urbano Maestro en Sacaba, Cochabamba, Bolivia",
            "publishedDate": "10-01-18",
            "daysPublished": 66,
            "Downloads": 323,
            "pageviews": 4.9
        },
        {
            "departmentCode": "CSD",
            "divisionCode": "HUD",
            "Code": "Proyecto de renovación urbana integral en Barrio La Huaca en Veracruz, México",
            "publishedDate": "10-01-18",
            "daysPublished": 66,
            "Downloads": 1,
            "pageviews": 0
        },
        {
            "departmentCode": "CSD",
            "divisionCode": "RND",
            "Code": "Agricultural Input Subsidies and Productivity: The Case of Paraguayan Farmers (Infographic)",
            "publishedDate": "08-01-18",
            "daysPublished": 127,
            "Downloads": 51,
            "pageviews": 0.4
        },
        {
            "departmentCode": "CSD",
            "divisionCode": "RND",
            "Code": "Agricultural Policies in the Caribbean: A Regional Analysis",
            "publishedDate": "10-17-18",
            "daysPublished": 50,
            "Downloads": 869,
            "pageviews": 17.4
        },
        {
            "departmentCode": "CSD",
            "divisionCode": "RND",
            "Code": "Agrifood Support Program (APAGRO)",
            "publishedDate": "11-05-18",
            "daysPublished": 31,
            "Downloads": 40,
            "pageviews": 1.3
        },
        {
            "departmentCode": "CSD",
            "divisionCode": "RND",
            "Code": "Análisis de las políticas agropecuarias en Uruguay: Cuantificación de los apoyos específicos 2014-2016 y su vinculación con las emisiones de gases de efecto invernadero",
            "publishedDate": "06-30-18",
            "daysPublished": 159,
            "Downloads": 388,
            "pageviews": 2.4
        },
        {
            "departmentCode": "CSD",
            "divisionCode": "RND",
            "Code": "Analysis of Agricultural and Fisheries Policy in The Bahamas",
            "publishedDate": "09-21-18",
            "daysPublished": 76,
            "Downloads": 151,
            "pageviews": 2
        },
        {
            "departmentCode": "CSD",
            "divisionCode": "RND",
            "Code": "Index of Governance and Public Policy in Disaster Risk Management (iGOPP): National Report for Bahamas",
            "publishedDate": "06-29-18",
            "daysPublished": 159,
            "Downloads": 46,
            "pageviews": 0.3
        },
        {
            "departmentCode": "CSD",
            "divisionCode": "RND",
            "Code": "Indicators for Disaster Risk and Risk Management Program for Latin-America and The Caribbean: Jamaica",
            "publishedDate": "06-29-18",
            "daysPublished": 159,
            "Downloads": 27,
            "pageviews": 0.2
        },
        {
            "departmentCode": "CSD",
            "divisionCode": "RND",
            "Code": "Indicators for Disaster Risk and Risk Management: Program for Latin-America and The Caribbean: Suriname",
            "publishedDate": "06-30-18",
            "daysPublished": 159,
            "Downloads": 20,
            "pageviews": 0.1
        },
        {
            "departmentCode": "CSD",
            "divisionCode": "RND",
            "Code": "Perfil de riesgo de desastres para Paraguay",
            "publishedDate": "09-21-18",
            "daysPublished": 76,
            "Downloads": 3,
            "pageviews": 0
        },
        {
            "departmentCode": "CSD",
            "divisionCode": "RND",
            "Code": "Políticas agropecuarias y liberalización comercial en Centroamérica en el marco del DR-CAFTA",
            "publishedDate": "09-19-18",
            "daysPublished": 78,
            "Downloads": 638,
            "pageviews": 8.2
        },
        {
            "departmentCode": "CSD",
            "divisionCode": "RND",
            "Code": "Políticas agropecuarias, el DR-CAFTA y cambio climático en la República Dominicana",
            "publishedDate": "09-05-18",
            "daysPublished": 92,
            "Downloads": 155,
            "pageviews": 1.7
        },
        {
            "departmentCode": "CSD",
            "divisionCode": "RND",
            "Code": "Rural Land Titling and Property Rights: Does Legislating Smallholdings as a Non-Seizable Family Asset Improve Smallholder Family Farmers’ Welfare?",
            "publishedDate": "09-17-18",
            "daysPublished": 80,
            "Downloads": 93,
            "pageviews": 1.2
        },
        {
            "departmentCode": "CSD",
            "divisionCode": "RND",
            "Code": "Support Program for Small Producers of the Wine Industry in Argentina (PROVIAR) and Provincial Agricultural Services Program (PROSAP)",
            "publishedDate": "07-26-18",
            "daysPublished": 133,
            "Downloads": 59,
            "pageviews": 0.4
        },
        {
            "departmentCode": "CSD",
            "divisionCode": "RND",
            "Code": "Technology Transfer to Small Farmers Program (PTTA) in Haiti: Implementation, Evaluation and Lessons Learned",
            "publishedDate": "05-31-18",
            "daysPublished": 189,
            "Downloads": 686,
            "pageviews": 3.6
        },
        {
            "departmentCode": "CSD",
            "divisionCode": "RND",
            "Code": "Uruguayan Livestock Program (ULP)",
            "publishedDate": "07-26-18",
            "daysPublished": 133,
            "Downloads": 64,
            "pageviews": 0.5
        },
        {
            "departmentCode": "Discontinued Departments",
            "divisionCode": "Discontinued Divisions",
            "Code": "FINLAC Data: Datos de desempeño e inclusión financiera de América Latina y el Caribe",
            "publishedDate": "08-16-18",
            "daysPublished": 112,
            "Downloads": 405,
            "pageviews": 3.6
        },
        {
            "departmentCode": "Discontinued Departments",
            "divisionCode": "Discontinued Divisions",
            "Code": "Mobilization Effects of Multilateral Development Banks",
            "publishedDate": "09-13-18",
            "daysPublished": 84,
            "Downloads": 122,
            "pageviews": 1.5
        },
        {
            "departmentCode": "FMP",
            "divisionCode": "FMP",
            "Code": "Green Procurement: How to Encourage Green Procurement Practices in IDB Funded Projects?",
            "publishedDate": "10-10-18",
            "daysPublished": 58,
            "Downloads": 202,
            "pageviews": 3.5
        },
        {
            "departmentCode": "IFD",
            "divisionCode": "CMF",
            "Code": "Converting Dormant Bank Accounts into a Dynamic Force in Latin America",
            "publishedDate": "07-03-18",
            "daysPublished": 156,
            "Downloads": 68,
            "pageviews": 0.4
        },
        {
            "departmentCode": "IFD",
            "divisionCode": "CMF",
            "Code": "Digitalización de pagos del gobierno para promover la inclusión financiera en América Latina y el Caribe",
            "publishedDate": "06-29-18",
            "daysPublished": 170,
            "Downloads": 271,
            "pageviews": 1.6
        },
        {
            "departmentCode": "IFD",
            "divisionCode": "CMF",
            "Code": "Financiamiento de nuevas tecnologías digitales en el sector agropecuario en América Latina y el Caribe: Una guía para los bancos públicos de desarrollo",
            "publishedDate": "08-30-18",
            "daysPublished": 98,
            "Downloads": 681,
            "pageviews": 6.9
        },
        {
            "departmentCode": "IFD",
            "divisionCode": "CMF",
            "Code": "Inclusión financiera y el costo del uso de instrumentos financieros formales: Las experiencias de América Latina y el Caribe",
            "publishedDate": "07-23-18",
            "daysPublished": 136,
            "Downloads": 800,
            "pageviews": 5.9
        },
        {
            "departmentCode": "IFD",
            "divisionCode": "CMF",
            "Code": "Public-Private Partnership Databases: Analytical Description and Comparative Analysis of National and International Databases",
            "publishedDate": "05-21-18",
            "daysPublished": 199,
            "Downloads": 756,
            "pageviews": 3.8
        },
        {
            "departmentCode": "IFD",
            "divisionCode": "CMF",
            "Code": "Technology for Climate Action in Latin America and the Caribbean: How ICT and Mobile Solutions Contribute to a Sustainable, Low-Carbon Future",
            "publishedDate": "07-02-18",
            "daysPublished": 161,
            "Downloads": 619,
            "pageviews": 3.8
        },
        {
            "departmentCode": "IFD",
            "divisionCode": "CTI",
            "Code": "Assessing the Impacts of Market Failures on Innovation Investment in Uruguay",
            "publishedDate": "07-12-18",
            "daysPublished": 147,
            "Downloads": 112,
            "pageviews": 0.8
        },
        {
            "departmentCode": "IFD",
            "divisionCode": "CTI",
            "Code": "Obstacles to Innovation and Firm Size: A Quantitative Study for Argentina",
            "publishedDate": "06-25-18",
            "daysPublished": 164,
            "Downloads": 174,
            "pageviews": 1.1
        },
        {
            "departmentCode": "IFD",
            "divisionCode": "CTI",
            "Code": "Workers’ Mobility, Technical Transfer, and Firms’ Performance in Peru",
            "publishedDate": "08-15-18",
            "daysPublished": 113,
            "Downloads": 71,
            "pageviews": 0.6
        },
        {
            "departmentCode": "IFD",
            "divisionCode": "FMM",
            "Code": "A Tool for Fiscal Policy Planning in a Medium-Term Fiscal Framework: The FMM-MTFF Model",
            "publishedDate": "10-26-18",
            "daysPublished": 41,
            "Downloads": 114,
            "pageviews": 2.8
        },
        {
            "departmentCode": "IFD",
            "divisionCode": "FMM",
            "Code": "Consecuencias fiscales del envejecimiento poblacional: Proyecciones agregadas del gasto en salud para 10 países de América Latina",
            "publishedDate": "08-01-18",
            "daysPublished": 127,
            "Downloads": 300,
            "pageviews": 2.4
        },
        {
            "departmentCode": "IFD",
            "divisionCode": "FMM",
            "Code": "Estrategia integral para una descentralización  efectiva y fiscalmente responsable: evidencia de Chile",
            "publishedDate": "07-17-18",
            "daysPublished": 142,
            "Downloads": 427,
            "pageviews": 3
        },
        {
            "departmentCode": "IFD",
            "divisionCode": "FMM",
            "Code": "Municipios y gobierno digital: Situación y buenas prácticas en la Red Mercociudades",
            "publishedDate": "10-24-18",
            "daysPublished": 43,
            "Downloads": 273,
            "pageviews": 6.3
        },
        {
            "departmentCode": "IFD",
            "divisionCode": "FMM",
            "Code": "Next Steps for Decentralization and Subnational Governments In Latin America and the Caribbean",
            "publishedDate": "10-30-18",
            "daysPublished": 37,
            "Downloads": 172,
            "pageviews": 4.6
        },
        {
            "departmentCode": "IFD",
            "divisionCode": "FMM",
            "Code": "Panorama del uso de las tecnologías y soluciones digitales innovadoras en la política y la gestión fiscal",
            "publishedDate": "08-20-18",
            "daysPublished": 108,
            "Downloads": 797,
            "pageviews": 7.4
        },
        {
            "departmentCode": "IFD",
            "divisionCode": "FMM",
            "Code": "Reingeniería del Presupuesto de Egresos de la Federación en México: La experiencia de un presupuesto base cero moderno",
            "publishedDate": "07-30-18",
            "daysPublished": 129,
            "Downloads": 544,
            "pageviews": 4.2
        },
        {
            "departmentCode": "IFD",
            "divisionCode": "ICS",
            "Code": "A Community-Based Intervention to Prevent Violence against Women and Girls in Haiti: Lessons Learned",
            "publishedDate": "08-06-18",
            "daysPublished": 122,
            "Downloads": 519,
            "pageviews": 4.3
        },
        {
            "departmentCode": "IFD",
            "divisionCode": "ICS",
            "Code": "Citizen Security in Latin America and the Caribbean: Challenges and Innovation in Management and Public Policies Over the Last 10 Years",
            "publishedDate": "11-20-18",
            "daysPublished": 16,
            "Downloads": 215,
            "pageviews": 13.4
        },
        {
            "departmentCode": "IFD",
            "divisionCode": "ICS",
            "Code": "Coordinating to Deliver: Lessons Learned from the Colombian Government’s Delivery Unit",
            "publishedDate": "07-19-18",
            "daysPublished": 140,
            "Downloads": 705,
            "pageviews": 5
        },
        {
            "departmentCode": "IFD",
            "divisionCode": "ICS",
            "Code": "Crime and Government Expenditure in Brazil: Estimating the Impact of Government Security Spending on Homicide Rates",
            "publishedDate": "10-18-18",
            "daysPublished": 49,
            "Downloads": 95,
            "pageviews": 1.9
        },
        {
            "departmentCode": "IFD",
            "divisionCode": "ICS",
            "Code": "Digital Technologies for Transparency in Public Investment: New Tools to Empower Citizens and Governments",
            "publishedDate": "11-20-18",
            "daysPublished": 17,
            "Downloads": 338,
            "pageviews": 19.9
        },
        {
            "departmentCode": "IFD",
            "divisionCode": "ICS",
            "Code": "Documentation Regarding the Establishment of Women’s Justice Centers: A Case Study of Hidalgo, Mexico",
            "publishedDate": "05-25-18",
            "daysPublished": 196,
            "Downloads": 873,
            "pageviews": 4.5
        },
        {
            "departmentCode": "IFD",
            "divisionCode": "ICS",
            "Code": "Evaluating Cure Violence in Trinidad and Tobago",
            "publishedDate": "11-21-18",
            "daysPublished": 16,
            "Downloads": 213,
            "pageviews": 13.3
        },
        {
            "departmentCode": "IFD",
            "divisionCode": "ICS",
            "Code": "Justicia más eficiente: Evaluación del impacto de la transición hacia los procesos orales en Ecuador",
            "publishedDate": "09-24-18",
            "daysPublished": 73,
            "Downloads": 151,
            "pageviews": 2.1
        },
        {
            "departmentCode": "IFD",
            "divisionCode": "ICS",
            "Code": "La gestión de la información para la prevención del delito: El caso del Departamento de Análisis de Información del Delito (DAID)",
            "publishedDate": "10-04-18",
            "daysPublished": 63,
            "Downloads": 307,
            "pageviews": 4.9
        },
        {
            "departmentCode": "IFD",
            "divisionCode": "ICS",
            "Code": "Prevalence of Violence against Women among Different Ethnic Groups in Peru",
            "publishedDate": "07-17-18",
            "daysPublished": 142,
            "Downloads": 202,
            "pageviews": 1.4
        },
        {
            "departmentCode": "IFD",
            "divisionCode": "ICS",
            "Code": "Reduciendo la brecha de acceso a los servicios jurídicos en la Ciudad de México: La experiencia de “El Abogado en Tu Casa”",
            "publishedDate": "07-19-18",
            "daysPublished": 140,
            "Downloads": 226,
            "pageviews": 1.6
        },
        {
            "departmentCode": "IFD",
            "divisionCode": "ICS",
            "Code": "Una historia de transformación: Lecciones de la modernización del Registro Civil de Ecuador (2007–2016)",
            "publishedDate": "08-22-18",
            "daysPublished": 106,
            "Downloads": 358,
            "pageviews": 3.4
        },
        {
            "departmentCode": "IFD",
            "divisionCode": "ICS",
            "Code": "Women's health survey 2016: Jamaica: Final Report",
            "publishedDate": "06-21-18",
            "daysPublished": 169,
            "Downloads": 603,
            "pageviews": 3.6
        },
        {
            "departmentCode": "IFD",
            "divisionCode": "IFD",
            "Code": "Rule Enforcement, Collective Action, and Growth: Micro Evidence and Mechanisms from Peru",
            "publishedDate": "08-15-18",
            "daysPublished": 113,
            "Downloads": 58,
            "pageviews": 0.5
        },
        {
            "departmentCode": "INE",
            "divisionCode": "ENE",
            "Code": "Análisis del potencial de eficiencia energética en iluminación pública: El caso de municipios pequeños y medianos de Brasil",
            "publishedDate": "11-26-18",
            "daysPublished": 10,
            "Downloads": 54,
            "pageviews": 5.4
        },
        {
            "departmentCode": "INE",
            "divisionCode": "ENE",
            "Code": "Género y Energía: Un tema de todos",
            "publishedDate": "11-06-18",
            "daysPublished": 30,
            "Downloads": 95,
            "pageviews": 3.2
        },
        {
            "departmentCode": "INE",
            "divisionCode": "ENE",
            "Code": "Meeting Challenges, Measuring Progress: The Benefits of Sustainable Energy Access in Latin America and the Caribbean",
            "publishedDate": "11-14-18",
            "daysPublished": 22,
            "Downloads": 56,
            "pageviews": 2.5
        },
        {
            "departmentCode": "INE",
            "divisionCode": "INE",
            "Code": "+ SOL + LUZ: Guía práctica para la implementación de sistemas fotovoltaicos en proyectos de infraestructura social",
            "publishedDate": "08-22-18",
            "daysPublished": 106,
            "Downloads": 448,
            "pageviews": 4.2
        },
        {
            "departmentCode": "INE",
            "divisionCode": "INE",
            "Code": "Diseñar bien, construir mejor: Guía para la planificación, especificación, elaboración y supervisión de diseños de infraestructura social",
            "publishedDate": "08-09-18",
            "daysPublished": 120,
            "Downloads": 264,
            "pageviews": 2.2
        },
        {
            "departmentCode": "INE",
            "divisionCode": "INE",
            "Code": "Do It Here, Not There: Guide for the Selection of Land to Build Social Infrastructure",
            "publishedDate": "08-07-18",
            "daysPublished": 121,
            "Downloads": 374,
            "pageviews": 3.1
        },
        {
            "departmentCode": "INE",
            "divisionCode": "INE",
            "Code": "How Much Does Technology Impact the Management of Latin American Cities?",
            "publishedDate": "09-25-18",
            "daysPublished": 72,
            "Downloads": 104,
            "pageviews": 1.4
        },
        {
            "departmentCode": "INE",
            "divisionCode": "INE",
            "Code": "Impuestos a los servicios públicos domiciliarios en América Latina y el Caribe: Un análisis descriptivo de las tasas sobre los servicios de agua y electricidad",
            "publishedDate": "11-13-18",
            "daysPublished": 23,
            "Downloads": 249,
            "pageviews": 10.8
        },
        {
            "departmentCode": "INE",
            "divisionCode": "INE",
            "Code": "Impuestos y cargos específicos en las tarifas de los servicios de infraestructura",
            "publishedDate": "08-06-18",
            "daysPublished": 115,
            "Downloads": 212,
            "pageviews": 1.8
        },
        {
            "departmentCode": "INE",
            "divisionCode": "INE",
            "Code": "Institutional Governance and Performance in the Electricity Sector in Latin America and the Caribbean",
            "publishedDate": "10-02-18",
            "daysPublished": 65,
            "Downloads": 102,
            "pageviews": 1.6
        },
        {
            "departmentCode": "INE",
            "divisionCode": "INE",
            "Code": "La cuenta satélite de los servicios de infraestructura: Una nueva manera de medir la infraestructura en América Latina con base en los casos de Argentina, Brasil y México: Fuentes, métodos y resultados",
            "publishedDate": "09-26-18",
            "daysPublished": 71,
            "Downloads": 117,
            "pageviews": 1.6
        },
        {
            "departmentCode": "INE",
            "divisionCode": "INE",
            "Code": "Mercado aéreo en Sudamérica: Comparación de costos aeroportuarios y regulaciones laborales",
            "publishedDate": "07-10-18",
            "daysPublished": 150,
            "Downloads": 202,
            "pageviews": 1.3
        },
        {
            "departmentCode": "INE",
            "divisionCode": "TSP",
            "Code": "Carretera interoceánica IIRSA sur de Perú: Un megaproyecto con preinversión express",
            "publishedDate": "06-28-18",
            "daysPublished": 161,
            "Downloads": 635,
            "pageviews": 3.9
        },
        {
            "departmentCode": "INE",
            "divisionCode": "TSP",
            "Code": "Cómo mejorar la calidad del transporte público nocturno: Una aplicación al corredor Nochebús Insurgentes, Ciudad de México",
            "publishedDate": "09-18-18",
            "daysPublished": 79,
            "Downloads": 134,
            "pageviews": 1.7
        },
        {
            "departmentCode": "INE",
            "divisionCode": "TSP",
            "Code": "Diagnóstico del transporte aéreo en Mesoamérica",
            "publishedDate": "06-12-18",
            "daysPublished": 177,
            "Downloads": 199,
            "pageviews": 1.1
        },
        {
            "departmentCode": "INE",
            "divisionCode": "TSP",
            "Code": "Distribuição urbana de mercadorias e planos de mobilidade de carga:  Oportunidades para municípios brasileiros",
            "publishedDate": "06-20-18",
            "daysPublished": 170,
            "Downloads": 881,
            "pageviews": 5.2
        },
        {
            "departmentCode": "INE",
            "divisionCode": "TSP",
            "Code": "Estudio de género en la industria de la construcción en Uruguay: Sector vial",
            "publishedDate": "11-13-18",
            "daysPublished": 23,
            "Downloads": 47,
            "pageviews": 2
        },
        {
            "departmentCode": "INE",
            "divisionCode": "TSP",
            "Code": "Evaluación socioeconómica de proyectos de infraestructura de integración regional",
            "publishedDate": "10-19-18",
            "daysPublished": 48,
            "Downloads": 741,
            "pageviews": 15.4
        },
        {
            "departmentCode": "INE",
            "divisionCode": "TSP",
            "Code": "Evolución del sector logístico y apoyo del BID en Panamá",
            "publishedDate": "07-13-18",
            "daysPublished": 146,
            "Downloads": 726,
            "pageviews": 5
        },
        {
            "departmentCode": "INE",
            "divisionCode": "TSP",
            "Code": "Experiencias Género y Transporte: Memorias del evento en Guyana",
            "publishedDate": "11-05-18",
            "daysPublished": 31,
            "Downloads": 41,
            "pageviews": 1.3
        },
        {
            "departmentCode": "INE",
            "divisionCode": "TSP",
            "Code": "Género y Transporte: Bogotá",
            "publishedDate": "11-06-18",
            "daysPublished": 30,
            "Downloads": 70,
            "pageviews": 2.3
        },
        {
            "departmentCode": "INE",
            "divisionCode": "TSP",
            "Code": "Género y Transporte: Buenos Aires",
            "publishedDate": "11-01-18",
            "daysPublished": 35,
            "Downloads": 27,
            "pageviews": 0.8
        },
        {
            "departmentCode": "INE",
            "divisionCode": "TSP",
            "Code": "Género y Transporte: Ciudad de México",
            "publishedDate": "11-02-18",
            "daysPublished": 34,
            "Downloads": 45,
            "pageviews": 1.3
        },
        {
            "departmentCode": "INE",
            "divisionCode": "TSP",
            "Code": "Género y Transporte: Jalisco",
            "publishedDate": "10-22-18",
            "daysPublished": 45,
            "Downloads": 86,
            "pageviews": 1.9
        },
        {
            "departmentCode": "INE",
            "divisionCode": "TSP",
            "Code": "Género y Transporte: Quito",
            "publishedDate": "11-06-18",
            "daysPublished": 30,
            "Downloads": 43,
            "pageviews": 1.4
        },
        {
            "departmentCode": "INE",
            "divisionCode": "TSP",
            "Code": "Guía técnica para la aplicación de auditorías de seguridad vial en los países de América Latina y el Caribe",
            "publishedDate": "11-19-18",
            "daysPublished": 20,
            "Downloads": 106,
            "pageviews": 5.3
        },
        {
            "departmentCode": "INE",
            "divisionCode": "TSP",
            "Code": "Guía técnica para la aplicación de inspecciones de seguridad vial en los países de América Latina y el Caribe",
            "publishedDate": "11-19-18",
            "daysPublished": 17,
            "Downloads": 187,
            "pageviews": 11
        },
        {
            "departmentCode": "INE",
            "divisionCode": "TSP",
            "Code": "Institucionalidad y eficiencia del transporte vial en América Latina y el Caribe: ¿Existe una relación entre institucionalidad y eficiencia sectorial?",
            "publishedDate": "07-23-18",
            "daysPublished": 137,
            "Downloads": 132,
            "pageviews": 1
        },
        {
            "departmentCode": "INE",
            "divisionCode": "TSP",
            "Code": "Interoperabilidad en los sistemas de recaudo para transporte público en América Latina y el Caribe",
            "publishedDate": "11-08-18",
            "daysPublished": 28,
            "Downloads": 359,
            "pageviews": 12.8
        },
        {
            "departmentCode": "INE",
            "divisionCode": "TSP",
            "Code": "Logística agroindustrial del Uruguay: La cadena de carne vacuna",
            "publishedDate": "11-07-18",
            "daysPublished": 29,
            "Downloads": 31,
            "pageviews": 1.1
        },
        {
            "departmentCode": "INE",
            "divisionCode": "TSP",
            "Code": "Logística agroindustrial del Uruguay: La cadena de granos",
            "publishedDate": "11-07-18",
            "daysPublished": 29,
            "Downloads": 49,
            "pageviews": 1.7
        },
        {
            "departmentCode": "INE",
            "divisionCode": "TSP",
            "Code": "Logística agroindustrial del Uruguay: La cadena forestal",
            "publishedDate": "11-08-18",
            "daysPublished": 28,
            "Downloads": 52,
            "pageviews": 1.9
        },
        {
            "departmentCode": "INE",
            "divisionCode": "TSP",
            "Code": "Logística agroindustrial del Uruguay: La cadena láctea",
            "publishedDate": "11-08-18",
            "daysPublished": 28,
            "Downloads": 56,
            "pageviews": 2
        },
        {
            "departmentCode": "INE",
            "divisionCode": "TSP",
            "Code": "Mendoza Polo Logístico: Aprovechar una mejor logística para promover el desarrollo productivo",
            "publishedDate": "11-14-18",
            "daysPublished": 22,
            "Downloads": 14,
            "pageviews": 0.6
        },
        {
            "departmentCode": "INE",
            "divisionCode": "TSP",
            "Code": "Metro de Santo Domingo: El súper Project Champion; ¿Héroe o villano?",
            "publishedDate": "07-17-18",
            "daysPublished": 142,
            "Downloads": 321,
            "pageviews": 2.3
        },
        {
            "departmentCode": "INE",
            "divisionCode": "TSP",
            "Code": "Short Sea Shipping Network and Finance Model for the Caribbean",
            "publishedDate": "07-31-18",
            "daysPublished": 129,
            "Downloads": 205,
            "pageviews": 1.6
        },
        {
            "departmentCode": "INE",
            "divisionCode": "TSP",
            "Code": "Sistemas inteligentes de transporte para la movilidad universal",
            "publishedDate": "11-07-18",
            "daysPublished": 29,
            "Downloads": 260,
            "pageviews": 9
        },
        {
            "departmentCode": "INE",
            "divisionCode": "WSA",
            "Code": "Aquarating: An International Standard for Assessing Water and Wastewater Services",
            "publishedDate": "11-08-18",
            "daysPublished": 28,
            "Downloads": 129,
            "pageviews": 4.6
        },
        {
            "departmentCode": "INE",
            "divisionCode": "WSA",
            "Code": "Diagnóstico del grado de desarrollo del enfoque de caudales ambientales en países de Latinoamérica",
            "publishedDate": "06-30-18",
            "daysPublished": 159,
            "Downloads": 209,
            "pageviews": 1.3
        },
        {
            "departmentCode": "INE",
            "divisionCode": "WSA",
            "Code": "Energy-Water-Land Nexus in Latin America and the Caribbean: A Perspective from the Paris Agreement Climate Mitigation Pledges",
            "publishedDate": "06-27-18",
            "daysPublished": 163,
            "Downloads": 689,
            "pageviews": 4.2
        },
        {
            "departmentCode": "INE",
            "divisionCode": "WSA",
            "Code": "Estimación de costos de recolección selectiva y clasificación de residuos con inclusión de organizaciones de recicladores: Herramienta de cálculo y estudios de caso en América Latina y El Caribe",
            "publishedDate": "05-22-18",
            "daysPublished": 198,
            "Downloads": 507,
            "pageviews": 2.6
        },
        {
            "departmentCode": "INE",
            "divisionCode": "WSA",
            "Code": "Evolución reciente y perspectivas de los servicios de agua potable y alcantarillado en Ecuador",
            "publishedDate": "06-21-18",
            "daysPublished": 189,
            "Downloads": 342,
            "pageviews": 1.8
        },
        {
            "departmentCode": "INE",
            "divisionCode": "WSA",
            "Code": "Romper mitos y tabúes sobre la higiene menstrual",
            "publishedDate": "06-15-18",
            "daysPublished": 177,
            "Downloads": 69,
            "pageviews": 0.4
        },
        {
            "departmentCode": "INT",
            "divisionCode": "INL",
            "Code": "Conexión INTAL: No 262, Junio 2018",
            "publishedDate": "11-06-18",
            "daysPublished": 160,
            "Downloads": 8,
            "pageviews": 0.1
        },
        {
            "departmentCode": "INT",
            "divisionCode": "INL",
            "Code": "Conexión INTAL: No. 261: Mayo, 2018",
            "publishedDate": "11-06-18",
            "daysPublished": 189,
            "Downloads": 30,
            "pageviews": 0.2
        },
        {
            "departmentCode": "INT",
            "divisionCode": "INL",
            "Code": "Revista Integración & Comercio: Año 22: No. 44: Julio, 2018: Algoritmolandia: inteligencia artificial para una integración predictiva e inclusiva de América Latina",
            "publishedDate": "07-31-18",
            "daysPublished": 128,
            "Downloads": 29,
            "pageviews": 0.2
        },
        {
            "departmentCode": "INT",
            "divisionCode": "INT",
            "Code": "Evaluación socioeconómica de proyectos de infraestructura de integración regional",
            "publishedDate": "10-19-18",
            "daysPublished": 48,
            "Downloads": 741,
            "pageviews": 15.4
        },
        {
            "departmentCode": "INT",
            "divisionCode": "INT",
            "Code": "Short Sea Shipping Network and Finance Model for the Caribbean",
            "publishedDate": "07-31-18",
            "daysPublished": 129,
            "Downloads": 205,
            "pageviews": 1.6
        },
        {
            "departmentCode": "INT",
            "divisionCode": "INT",
            "Code": "Trade in Barbados: Challenges and Options to Boost Growth",
            "publishedDate": "09-24-18",
            "daysPublished": 73,
            "Downloads": 61,
            "pageviews": 0.8
        },
        {
            "departmentCode": "MIF",
            "divisionCode": "MIF",
            "Code": "FINLAC Data: Datos de desempeño e inclusión financiera de América Latina y el Caribe",
            "publishedDate": "08-16-18",
            "daysPublished": 112,
            "Downloads": 405,
            "pageviews": 3.6
        },
        {
            "departmentCode": "MIF",
            "divisionCode": "MIF",
            "Code": "Remittances to Latin America And The Caribbean in 2017: Greater Growth Dynamism",
            "publishedDate": "08-28-18",
            "daysPublished": 189,
            "Downloads": 121,
            "pageviews": 0.6
        },
        {
            "departmentCode": "OVE",
            "divisionCode": "OVE",
            "Code": "Approach Paper: Country Program Evaluation: Honduras 2015-18",
            "publishedDate": "08-01-18",
            "daysPublished": 128,
            "Downloads": 161,
            "pageviews": 1.3
        },
        {
            "departmentCode": "OVE",
            "divisionCode": "OVE",
            "Code": "Approach Paper: Country Program Evaluation: Paraguay 2014-18",
            "publishedDate": "08-01-18",
            "daysPublished": 128,
            "Downloads": 329,
            "pageviews": 2.6
        },
        {
            "departmentCode": "OVE",
            "divisionCode": "OVE",
            "Code": "Evaluation of the Bank's Support for Gender and Diversity",
            "publishedDate": "05-31-18",
            "daysPublished": 189,
            "Downloads": 399,
            "pageviews": 2.1
        },
        {
            "departmentCode": "OVE",
            "divisionCode": "OVE",
            "Code": "Executive Summary: Evaluation of the Bank's Support for Gender and Diversity",
            "publishedDate": "09-07-18",
            "daysPublished": 90,
            "Downloads": 149,
            "pageviews": 1.7
        },
        {
            "departmentCode": "OVE",
            "divisionCode": "OVE",
            "Code": "IDB’s Ninth General Capital Increase: Implementation and Results",
            "publishedDate": "08-15-18",
            "daysPublished": 112,
            "Downloads": 179,
            "pageviews": 1.6
        },
        {
            "departmentCode": "RES",
            "divisionCode": "RES",
            "Code": "Better Spending for Better Lives: How Latin America and the Caribbean Can Do More with Less (Executive Summary)",
            "publishedDate": "10-01-18",
            "daysPublished": 66,
            "Downloads": 16,
            "pageviews": 0.2
        },
        {
            "departmentCode": "RES",
            "divisionCode": "RES",
            "Code": "Competition-Adjusted Measures of Real Exchanges Rates",
            "publishedDate": "05-31-18",
            "daysPublished": 189,
            "Downloads": 148,
            "pageviews": 0.8
        },
        {
            "departmentCode": "RES",
            "divisionCode": "RES",
            "Code": "Compliance Spillovers across Taxes: The Role of Penalties and Detection",
            "publishedDate": "11-16-18",
            "daysPublished": 20,
            "Downloads": 75,
            "pageviews": 3.8
        },
        {
            "departmentCode": "RES",
            "divisionCode": "RES",
            "Code": "Creation and Evolution of Inflation Expectations in Paraguay",
            "publishedDate": "08-03-18",
            "daysPublished": 128,
            "Downloads": 51,
            "pageviews": 0.4
        },
        {
            "departmentCode": "RES",
            "divisionCode": "RES",
            "Code": "Do Children Benefit from Internet Access?: Experimental Evidence from a Developing Country",
            "publishedDate": "11-07-18",
            "daysPublished": 29,
            "Downloads": 167,
            "pageviews": 5.8
        },
        {
            "departmentCode": "RES",
            "divisionCode": "RES",
            "Code": "Does Rewarding Pedagogical Excellence Keep Teachers in the Classroom?: Evidence from a Voluntary Award Program",
            "publishedDate": "06-13-18",
            "daysPublished": 176,
            "Downloads": 181,
            "pageviews": 1
        },
        {
            "departmentCode": "RES",
            "divisionCode": "RES",
            "Code": "Extraction of Inflation Expectations from Financial Instruments",
            "publishedDate": "06-13-18",
            "daysPublished": 176,
            "Downloads": 173,
            "pageviews": 1
        },
        {
            "departmentCode": "RES",
            "divisionCode": "RES",
            "Code": "Financing Infrastructure: On the Quest for an Asset-Class",
            "publishedDate": "09-18-18",
            "daysPublished": 79,
            "Downloads": 220,
            "pageviews": 2.8
        },
        {
            "departmentCode": "RES",
            "divisionCode": "RES",
            "Code": "Fiscal Policy and Inflation: Understanding the Role of Expectations in Mexico",
            "publishedDate": "08-03-18",
            "daysPublished": 125,
            "Downloads": 143,
            "pageviews": 1.1
        },
        {
            "departmentCode": "RES",
            "divisionCode": "RES",
            "Code": "Forecasting Inflation in Argentina",
            "publishedDate": "06-14-18",
            "daysPublished": 176,
            "Downloads": 157,
            "pageviews": 0.9
        },
        {
            "departmentCode": "RES",
            "divisionCode": "RES",
            "Code": "La cuenta satélite de los servicios de infraestructura: Una nueva manera de medir la infraestructura en América Latina con base en los casos de Argentina, Brasil y México: Fuentes, métodos y resultados",
            "publishedDate": "09-26-18",
            "daysPublished": 71,
            "Downloads": 117,
            "pageviews": 1.6
        },
        {
            "departmentCode": "RES",
            "divisionCode": "RES",
            "Code": "MIDAS Modeling for Core Inflation Forecasting",
            "publishedDate": "07-31-18",
            "daysPublished": 128,
            "Downloads": 61,
            "pageviews": 0.5
        },
        {
            "departmentCode": "RES",
            "divisionCode": "RES",
            "Code": "Price Dynamics and the Financing Structure of Firms in Emerging Economies",
            "publishedDate": "06-30-18",
            "daysPublished": 159,
            "Downloads": 51,
            "pageviews": 0.3
        },
        {
            "departmentCode": "RES",
            "divisionCode": "RES",
            "Code": "The Longitudinal Linkage of Mexico’s Economic Census 1999-2014",
            "publishedDate": "10-01-18",
            "daysPublished": 76,
            "Downloads": 48,
            "pageviews": 0.6
        },
        {
            "departmentCode": "RES",
            "divisionCode": "RES",
            "Code": "The Political Economy of Citizen Security: A Conceptual Framework",
            "publishedDate": "10-04-18",
            "daysPublished": 97,
            "Downloads": 143,
            "pageviews": 1.5
        },
        {
            "departmentCode": "SCL",
            "divisionCode": "EDU",
            "Code": "¿Cómo mejorar la eficiencia y la equidad de la inversión educativa en Colombia ante un panorama fiscal restrictivo?: Diagnóstico y propuestas",
            "publishedDate": "09-12-18",
            "daysPublished": 85,
            "Downloads": 119,
            "pageviews": 1.4
        },
        {
            "departmentCode": "SCL",
            "divisionCode": "EDU",
            "Code": "CIMA Brief #10: El Salvador: Better Education to More Children It's within Reach",
            "publishedDate": "09-04-18",
            "daysPublished": 93,
            "Downloads": 196,
            "pageviews": 2.1
        },
        {
            "departmentCode": "SCL",
            "divisionCode": "EDU",
            "Code": "Hard Cash and Soft Skills: Experimental Evidence on Combining Scholarships and Mentoring in Argentina",
            "publishedDate": "09-12-18",
            "daysPublished": 86,
            "Downloads": 71,
            "pageviews": 0.8
        },
        {
            "departmentCode": "SCL",
            "divisionCode": "EDU",
            "Code": "Private Schooling in Latin America: Trends and Public Policies",
            "publishedDate": "11-05-18",
            "daysPublished": 66,
            "Downloads": 24,
            "pageviews": 0.4
        },
        {
            "departmentCode": "SCL",
            "divisionCode": "EDU",
            "Code": "School Finance in Latin America: A Conceptual Framework and a Review of Policies",
            "publishedDate": "08-31-18",
            "daysPublished": 97,
            "Downloads": 145,
            "pageviews": 1.5
        },
        {
            "departmentCode": "SCL",
            "divisionCode": "EDU",
            "Code": "Teacher Policies, Incentives, and Labor Markets in Chile, Colombia, and Peru: Implications for Equality",
            "publishedDate": "09-10-18",
            "daysPublished": 97,
            "Downloads": 113,
            "pageviews": 1.2
        },
        {
            "departmentCode": "SCL",
            "divisionCode": "GDI",
            "Code": "Personas migrantes retornadas, género y acceso a servicios sociales en El Salvador",
            "publishedDate": "07-30-18",
            "daysPublished": 160,
            "Downloads": 283,
            "pageviews": 1.8
        },
        {
            "departmentCode": "SCL",
            "divisionCode": "GDI",
            "Code": "Servicios integrados para el empoderamiento de la mujer: Herramienta 12: Sistema de información, registro y monitoreo",
            "publishedDate": "07-20-18",
            "daysPublished": 139,
            "Downloads": 99,
            "pageviews": 0.7
        },
        {
            "departmentCode": "SCL",
            "divisionCode": "GDI",
            "Code": "Social Interactions and Female Voting in Rural Paraguay: The Role of Urbanization Patterns on the Effectiveness of GOVT Campaigns",
            "publishedDate": "08-17-18",
            "daysPublished": 107,
            "Downloads": 99,
            "pageviews": 0.9
        },
        {
            "departmentCode": "SCL",
            "divisionCode": "GDI",
            "Code": "Splitting the Bill: Taxing and Spending to Close Ethnic and Racial Gaps in Latin America",
            "publishedDate": "11-21-18",
            "daysPublished": 15,
            "Downloads": 70,
            "pageviews": 4.7
        },
        {
            "departmentCode": "SCL",
            "divisionCode": "LMK",
            "Code": "Acompañando a los jóvenes en educación y trabajo: ¿Qué funciona y qué no?: Una revisión de evaluaciones de intervenciones de bajo costo",
            "publishedDate": "11-07-18",
            "daysPublished": 97,
            "Downloads": 39,
            "pageviews": 0.4
        },
        {
            "departmentCode": "SCL",
            "divisionCode": "LMK",
            "Code": "El futuro de las pensiones en ALC",
            "publishedDate": "08-23-18",
            "daysPublished": 105,
            "Downloads": 4,
            "pageviews": 0
        },
        {
            "departmentCode": "SCL",
            "divisionCode": "LMK",
            "Code": "Employment Cyclicality by Firm Size, Wage, Productivity and Age in Brazil",
            "publishedDate": "08-15-18",
            "daysPublished": 113,
            "Downloads": 37,
            "pageviews": 0.3
        },
        {
            "departmentCode": "SCL",
            "divisionCode": "LMK",
            "Code": "How Far Can Your Skills Take You",
            "publishedDate": "08-27-18",
            "daysPublished": 100,
            "Downloads": 627,
            "pageviews": 6.3
        },
        {
            "departmentCode": "SCL",
            "divisionCode": "LMK",
            "Code": "Ocupaciones laborales: Clasificaciones, taxonomías y ontologías para los mercados laborales del siglo XXI",
            "publishedDate": "09-14-18",
            "daysPublished": 86,
            "Downloads": 108,
            "pageviews": 1.3
        },
        {
            "departmentCode": "SCL",
            "divisionCode": "LMK",
            "Code": "Subsidizing Informality?: Non-contributory Public Spending in Latin America and the Caribbean",
            "publishedDate": "09-28-18",
            "daysPublished": 69,
            "Downloads": 26,
            "pageviews": 0.4
        },
        {
            "departmentCode": "SCL",
            "divisionCode": "SCL",
            "Code": "+ SOL + LUZ: Guía práctica para la implementación de sistemas fotovoltaicos en proyectos de infraestructura social",
            "publishedDate": "08-22-18",
            "daysPublished": 106,
            "Downloads": 448,
            "pageviews": 4.2
        },
        {
            "departmentCode": "SCL",
            "divisionCode": "SCL",
            "Code": "Diseñar bien, construir mejor: Guía para la planificación, especificación, elaboración y supervisión de diseños de infraestructura social",
            "publishedDate": "08-09-18",
            "daysPublished": 120,
            "Downloads": 264,
            "pageviews": 2.2
        },
        {
            "departmentCode": "SCL",
            "divisionCode": "SCL",
            "Code": "Do It Here, Not There: Guide for the Selection of Land to Build Social Infrastructure",
            "publishedDate": "08-07-18",
            "daysPublished": 121,
            "Downloads": 374,
            "pageviews": 3.1
        },
        {
            "departmentCode": "SCL",
            "divisionCode": "SCL",
            "Code": "Servicios integrados para el empoderamiento de la mujer: Herramienta 11: Guía del proceso de inducción y capacitación inicial del personal",
            "publishedDate": "06-19-18",
            "daysPublished": 170,
            "Downloads": 186,
            "pageviews": 1.1
        },
        {
            "departmentCode": "SCL",
            "divisionCode": "SPH",
            "Code": "10 Lessons from the Behavioral Sciences for Policy-Making in the Social Sector",
            "publishedDate": "09-04-18",
            "daysPublished": 93,
            "Downloads": 595,
            "pageviews": 6.4
        },
        {
            "departmentCode": "SCL",
            "divisionCode": "SPH",
            "Code": "Breve 19: El rol de las agencias reguladoras en salud en los sistemas de priorización del gasto: El caso del INVIMA en Colombia",
            "publishedDate": "07-31-18",
            "daysPublished": 147,
            "Downloads": 439,
            "pageviews": 3
        },
        {
            "departmentCode": "SCL",
            "divisionCode": "SPH",
            "Code": "Cash, Conditions and Child Development: Experimental Evidence from a Cash Transfer in Honduras",
            "publishedDate": "11-08-18",
            "daysPublished": 36,
            "Downloads": 47,
            "pageviews": 1.3
        },
        {
            "departmentCode": "SCL",
            "divisionCode": "SPH",
            "Code": "Cuatro elementos para diseñar un sistema de cuidados",
            "publishedDate": "05-24-18",
            "daysPublished": 196,
            "Downloads": 554,
            "pageviews": 2.8
        },
        {
            "departmentCode": "SCL",
            "divisionCode": "SPH",
            "Code": "El \"efecto portafolio\" de la regulación de precios de medicamentos: La respuesta de la industria farmacéutica a la regulación de precios de medicamentos en Colombia",
            "publishedDate": "09-10-18",
            "daysPublished": 87,
            "Downloads": 657,
            "pageviews": 7.6
        },
        {
            "departmentCode": "SCL",
            "divisionCode": "SPH",
            "Code": "Embarazo a edad temprana y en adolescentes: ¿Por qué y cómo debemos prevenirlo en América Latina y el Caribe?",
            "publishedDate": "05-29-18",
            "daysPublished": 191,
            "Downloads": 484,
            "pageviews": 2.5
        },
        {
            "departmentCode": "SCL",
            "divisionCode": "SPH",
            "Code": "Evaluación de impacto experimental del Programa de Apoyos Comunitarios (PACO) en Panamá",
            "publishedDate": "10-05-18",
            "daysPublished": 62,
            "Downloads": 62,
            "pageviews": 1
        },
        {
            "departmentCode": "SCL",
            "divisionCode": "SPH",
            "Code": "Measuring Quality and Characterizing Cuna Mas Home Visits: Validation of the HOVRS-A+2 in Peru and of a Short Checklist for Use At-Scale",
            "publishedDate": "08-14-18",
            "daysPublished": 114,
            "Downloads": 355,
            "pageviews": 3.1
        },
        {
            "departmentCode": "SCL",
            "divisionCode": "SPH",
            "Code": "Measuring the Quality of the Home Environment of Young Children in Uruguay: Socioeconomic Gradients in the HOME inventory",
            "publishedDate": "10-30-18",
            "daysPublished": 37,
            "Downloads": 50,
            "pageviews": 1.4
        },
        {
            "departmentCode": "SCL",
            "divisionCode": "SPH",
            "Code": "Piloto de cambio de receptor de becas en educación media superior",
            "publishedDate": "05-23-18",
            "daysPublished": 197,
            "Downloads": 661,
            "pageviews": 3.4
        },
        {
            "departmentCode": "SCL",
            "divisionCode": "SPH",
            "Code": "Primary Healthcare Access, Experience, and Coordination in Latin America and the Caribbean 2013 (PRIMLAC)",
            "publishedDate": "08-30-18",
            "daysPublished": 98,
            "Downloads": 117,
            "pageviews": 1.2
        },
        {
            "departmentCode": "SCL",
            "divisionCode": "SPH",
            "Code": "Quality of Parenting Programs and Child Development Outcomes: The Case of Peru's Cuna Mas",
            "publishedDate": "10-19-18",
            "daysPublished": 48,
            "Downloads": 129,
            "pageviews": 2.7
        },
        {
            "departmentCode": "SCL",
            "divisionCode": "SPH",
            "Code": "Six years of Comunidades Solidarias Rurales: Impacts on School Entry of an Ongoing Conditional Cash Transfer Program in El Salvador",
            "publishedDate": "06-19-18",
            "daysPublished": 170,
            "Downloads": 223,
            "pageviews": 1.3
        },
        {
            "departmentCode": "SPD",
            "divisionCode": "SPD",
            "Code": "Development Effectiveness Overview (DEO) 2018: Executive Summary",
            "publishedDate": "09-12-18",
            "daysPublished": 85,
            "Downloads": 446,
            "pageviews": 5.2
        },
        {
            "departmentCode": "SPD",
            "divisionCode": "SPD",
            "Code": "Evaluación de impacto experimental del Programa de Apoyos Comunitarios (PACO) en Panamá",
            "publishedDate": "10-05-18",
            "daysPublished": 62,
            "Downloads": 62,
            "pageviews": 1
        },
        {
            "departmentCode": "SPD",
            "divisionCode": "SPD",
            "Code": "Getting a Lift: The Impact of Aerial Cable Cars in La Paz, Bolivia",
            "publishedDate": "07-18-18",
            "daysPublished": 141,
            "Downloads": 324,
            "pageviews": 2.3
        },
        {
            "departmentCode": "SPD",
            "divisionCode": "SPD",
            "Code": "Inter-American Development Bank Quarterly Business Review: First Quarter 2018",
            "publishedDate": "07-31-18",
            "daysPublished": 128,
            "Downloads": 99,
            "pageviews": 0.8
        },
        {
            "departmentCode": "SPD",
            "divisionCode": "SPD",
            "Code": "Inter-American Development Bank Quarterly Business Review: Second Quarter 2018",
            "publishedDate": "09-20-18",
            "daysPublished": 77,
            "Downloads": 75,
            "pageviews": 1
        },
        {
            "departmentCode": "SPD",
            "divisionCode": "SPD",
            "Code": "Mobilization Effects of Multilateral Development Banks",
            "publishedDate": "09-13-18",
            "daysPublished": 84,
            "Downloads": 122,
            "pageviews": 1.5
        },
        {
            "departmentCode": "SPD",
            "divisionCode": "SPD",
            "Code": "Piloto de cambio de receptor de becas en educación media superior",
            "publishedDate": "05-23-18",
            "daysPublished": 197,
            "Downloads": 661,
            "pageviews": 3.4
        },
        {
            "departmentCode": "SPD",
            "divisionCode": "SPD",
            "Code": "Public Sector Financing: Lending Instruments",
            "publishedDate": "09-17-18",
            "daysPublished": 80,
            "Downloads": 96,
            "pageviews": 1.2
        },
        {
            "departmentCode": "SPD",
            "divisionCode": "SPD",
            "Code": "Public Sector Financing: Lending instruments: Summary",
            "publishedDate": "09-17-18",
            "daysPublished": 80,
            "Downloads": 48,
            "pageviews": 0.6
        },
        {
            "departmentCode": "SPD",
            "divisionCode": "SPD",
            "Code": "The Economic and Ecological Impact of Natural Resource Extraction: The Case of the Camisea Gas Project in Peru",
            "publishedDate": "09-13-18",
            "daysPublished": 84,
            "Downloads": 175,
            "pageviews": 2.1
        },
        {
            "departmentCode": "SPD",
            "divisionCode": "SPD",
            "Code": "Urban Transport Systems in Latin America and the Caribbean: Challenges and Lessons Learned",
            "publishedDate": "10-03-18",
            "daysPublished": 69,
            "Downloads": 164,
            "pageviews": 2.4
        },
        {
            "departmentCode": "SPD",
            "divisionCode": "SPD",
            "Code": "Why Is the Number of IDB Projects with Extensions beyond 24 Months Increasing?: Should We Be Concerned?",
            "publishedDate": "09-13-18",
            "daysPublished": 97,
            "Downloads": 68,
            "pageviews": 0.7
        },
        {
            "departmentCode": "VPC",
            "divisionCode": "VPC",
            "Code": "Extractive Sector and Civil Society: When the Work of Communities, Governments and Industries Leads to Development",
            "publishedDate": "11-20-18",
            "daysPublished": 51,
            "Downloads": 621,
            "pageviews": 12.2
        },
        {
            "departmentCode": "VPC",
            "divisionCode": "VPC",
            "Code": "IDB Group-Civil Society Engagement Review 2016-2017",
            "publishedDate": "06-12-18",
            "daysPublished": 181,
            "Downloads": 383,
            "pageviews": 2.1
        },
        {
            "departmentCode": "VPS",
            "divisionCode": "VPS",
            "Code": "Educación y desarrollo en México: Una historia de baja capacidad de aprovechamiento del capital humano",
            "publishedDate": "11-21-18",
            "daysPublished": 15,
            "Downloads": 121,
            "pageviews": 8.1
        },
        {
            "departmentCode": "VPS",
            "divisionCode": "VPS",
            "Code": "Evaluation of Inflation Forecasting Models in Guatemala",
            "publishedDate": "07-31-18",
            "daysPublished": 128,
            "Downloads": 50,
            "pageviews": 0.4
        },
        {
            "departmentCode": "VPS",
            "divisionCode": "VPS",
            "Code": "Forecasting Inflation Expectations from the CESifo World Economic Survey: An Empirical Application in Inflation Targeting",
            "publishedDate": "07-31-18",
            "daysPublished": 128,
            "Downloads": 39,
            "pageviews": 0.3
        },
        {
            "departmentCode": "VPS",
            "divisionCode": "VPS",
            "Code": "Gender-Segmented Labor Markets and the Effects of Local Demand Shocks",
            "publishedDate": "08-06-18",
            "daysPublished": 122,
            "Downloads": 80,
            "pageviews": 0.7
        },
        {
            "departmentCode": "VPS",
            "divisionCode": "VPS",
            "Code": "Public Education Investment and Local Labor Markets: Evidence from a Large Federal Program in Brazil",
            "publishedDate": "08-06-18",
            "daysPublished": 122,
            "Downloads": 88,
            "pageviews": 0.7
        },
        {
            "departmentCode": "VPS",
            "divisionCode": "VPS",
            "Code": "Targeting Credit through Community Members",
            "publishedDate": "08-14-18",
            "daysPublished": 114,
            "Downloads": 27,
            "pageviews": 0.2
        }
    ]
}